id,gid,x,y,v_x,v_y,radius,time
0,0,7.973746,0.000008,-0.262538,0.000085,0.500000,0.100000
1,1,5.640443,5.640443,-0.164070,-0.164073,0.500000,0.100000
2,2,0.000007,7.972711,0.000075,-0.272886,0.500000,0.100000
3,3,-5.638137,5.638142,0.187125,-0.187081,0.500000,0.100000
4,4,-7.976375,0.000005,0.236246,0.000056,0.500000,0.100000
5,5,-5.637771,-5.637793,0.190793,0.190666,0.500000,0.100000
6,6,0.000000,-7.972335,0.000000,0.276652,0.500000,0.100000
7,7,5.640116,-5.640091,-0.167442,0.167591,0.500000,0.100000
0,0,7.926489,0.000024,-0.472568,0.000153,0.500000,0.200000
1,1,5.610910,5.610910,-0.295326,-0.295331,0.500000,0.200000
2,2,0.000021,7.923592,0.000136,-0.491195,0.500000,0.200000
3,3,-5.604455,5.604467,0.336826,-0.336746,0.500000,0.200000
4,4,-7.933851,0.000015,0.425243,0.000101,0.500000,0.200000
5,5,-5.603428,-5.603474,0.343427,0.343199,0.500000,0.200000
6,6,0.000000,-7.922537,0.000000,0.497974,0.500000,0.200000
7,7,5.609976,-5.609925,-0.301395,0.301664,0.500000,0.200000
0,0,7.862430,0.000044,-0.640593,0.000207,0.500000,0.300000
1,1,5.570877,5.570876,-0.400331,-0.400337,0.500000,0.300000
2,2,0.000039,7.857008,0.000184,-0.665842,0.500000,0.300000
3,3,-5.558796,5.558819,0.456586,-0.456478,0.500000,0.300000
4,4,-7.876207,0.000029,0.576440,0.000136,0.500000,0.300000
5,5,-5.556875,-5.556951,0.465534,0.465225,0.500000,0.300000
6,6,0.000000,-7.855034,0.000000,0.675031,0.500000,0.300000
7,7,5.569121,-5.569032,-0.408558,0.408922,0.500000,0.300000
0,0,7.784929,0.000070,-0.775012,0.000251,0.500000,0.400000
1,1,5.522444,5.522442,-0.484335,-0.484342,0.500000,0.400000
2,2,0.000061,7.776452,0.000223,-0.805559,0.500000,0.400000
3,3,-5.503557,5.503593,0.552394,-0.552264,0.500000,0.400000
4,4,-7.806467,0.000045,0.697398,0.000165,0.500000,0.400000
5,5,-5.500553,-5.500666,0.563220,0.562846,0.500000,0.400000
6,6,0.000000,-7.773367,0.000000,0.816677,0.500000,0.400000
7,7,5.519692,-5.519559,-0.494288,0.494729,0.500000,0.400000
0,0,7.696674,0.000098,-0.882548,0.000285,0.500000,0.500000
1,1,5.467290,5.467287,-0.551539,-0.551546,0.500000,0.500000
2,2,0.000087,7.684718,0.000253,-0.917334,0.500000,0.500000
3,3,-5.440653,5.440704,0.629041,-0.628892,0.500000,0.500000
4,4,-7.727051,0.000064,0.794165,0.000188,0.500000,0.500000
5,5,-5.436416,-5.436572,0.641368,0.640943,0.500000,0.500000
6,6,0.000000,-7.680367,0.000000,0.929993,0.500000,0.500000
7,7,5.463404,-5.463222,-0.562872,0.563374,0.500000,0.500000
0,0,7.599816,0.000129,-0.968576,0.000313,0.500000,0.600000
1,1,5.406760,5.406756,-0.605301,-0.605310,0.500000,0.600000
2,2,0.000115,7.584043,0.000278,-1.006753,0.500000,0.600000
3,3,-5.371617,5.371684,0.690358,-0.690195,0.500000,0.600000
4,4,-7.639893,0.000085,0.871578,0.000206,0.500000,0.600000
5,5,-5.366027,-5.366230,0.703887,0.703420,0.500000,0.600000
6,6,0.000000,-7.578303,0.000000,1.020647,0.500000,0.600000
7,7,5.401630,-5.401393,-0.617740,0.618290,0.500000,0.600000
0,0,7.496077,0.000163,-1.037399,0.000336,0.500000,0.700000
1,1,5.341929,5.341924,-0.648311,-0.648320,0.500000,0.700000
2,2,0.000144,7.476214,0.000298,-1.078288,0.500000,0.700000
3,3,-5.297676,5.297761,0.739412,-0.739237,0.500000,0.700000
4,4,-7.546542,0.000107,0.933508,0.000221,0.500000,0.700000
5,5,-5.290637,-5.290890,0.753902,0.753402,0.500000,0.700000
6,6,0.000000,-7.468986,0.000000,1.093169,0.500000,0.700000
7,7,5.335467,-5.335171,-0.661634,0.662223,0.500000,0.700000
0,0,7.386831,0.000198,-1.092457,0.000353,0.500000,0.800000
1,1,5.273657,5.273651,-0.682719,-0.682729,0.500000,0.800000
2,2,0.000176,7.362663,0.000314,-1.135517,0.500000,0.800000
3,3,-5.219810,5.219914,0.778655,-0.778471,0.500000,0.800000
4,4,-7.448237,0.000130,0.983052,0.000233,0.500000,0.800000
5,5,-5.211245,-5.211551,0.793915,0.793388,0.500000,0.800000
6,6,0.000000,-7.353867,0.000000,1.151187,0.500000,0.800000
7,7,5.265792,-5.265434,-0.696749,0.697370,0.500000,0.800000
0,0,7.273181,0.000235,-1.136504,0.000368,0.500000,0.900000
1,1,5.202632,5.202626,-0.710246,-0.710256,0.500000,0.900000
2,2,0.000208,7.244533,0.000326,-1.181299,0.500000,0.900000
3,3,-5.138806,5.138928,0.810049,-0.809858,0.500000,0.900000
4,4,-7.345968,0.000154,1.022688,0.000242,0.500000,0.900000
5,5,-5.128653,-5.129013,0.825924,0.825376,0.500000,0.900000
6,6,0.000000,-7.234107,0.000000,1.197602,0.500000,0.900000
7,7,5.193308,-5.192885,-0.724841,0.725487,0.500000,0.900000
0,0,7.156006,0.000273,-1.171741,0.000379,0.500000,1.000000
1,1,5.129405,5.129398,-0.732267,-0.732277,0.500000,1.000000
2,2,0.000242,7.122740,0.000336,-1.217925,0.500000,1.000000
3,3,-5.055289,5.055431,0.835165,-0.834968,0.500000,1.000000
4,4,-7.240529,0.000179,1.054396,0.000249,0.500000,1.000000
5,5,-5.043500,-5.043917,0.851532,0.850967,0.500000,1.000000
6,6,0.000000,-7.110633,0.000000,1.234734,0.500000,1.000000
7,7,5.118577,-5.118087,-0.747314,0.747980,0.500000,1.000000
0,0,7.036013,0.000312,-1.199931,0.000388,0.500000,1.100000
1,1,5.054417,5.054409,-0.749884,-0.749894,0.500000,1.100000
2,2,0.000514,6.998066,0.002722,-1.246746,0.500000,1.100000
3,3,-4.970001,4.969877,0.852880,-0.855535,0.500000,1.100000
4,4,-7.132552,0.000205,1.079763,0.000255,0.500000,1.100000
5,5,-4.956744,-4.956666,0.867553,0.872505,0.500000,1.100000
6,6,0.000447,-6.984296,0.004465,1.263374,0.500000,1.100000
7,7,5.042047,-5.041489,-0.765293,0.765975,0.500000,1.100000
0,0,6.913765,0.000351,-1.222483,0.000395,0.500000,1.200000
1,1,4.978019,4.978010,-0.763977,-0.763988,0.500000,1.200000
2,2,0.001383,6.871163,0.008683,-1.269021,0.500000,1.200000
3,3,-4.883701,4.882601,0.862997,-0.872769,0.500000,1.200000
4,4,-7.022547,0.000231,1.100056,0.000260,0.500000,1.200000
5,5,-4.869075,-4.867612,0.876695,0.890537,0.500000,1.200000
6,6,0.001617,-6.855748,0.011708,1.285479,0.500000,1.200000
7,7,4.964080,-4.963452,-0.779676,0.780371,0.500000,1.200000
0,0,6.789930,0.000428,-1.238348,0.000767,0.500000,1.300000
1,1,4.900494,4.900484,-0.775252,-0.775263,0.500000,1.300000
2,2,0.002941,6.742577,0.015587,-1.285863,0.500000,1.300000
3,3,-4.796888,4.793974,0.868136,-0.886269,0.500000,1.300000
4,4,-6.910918,0.000257,1.116291,0.000264,0.500000,1.300000
5,5,-4.780937,-4.777143,0.881383,0.904698,0.500000,1.300000
6,6,0.003493,-6.725569,0.018758,1.301794,0.500000,1.300000
7,7,4.884962,-4.884264,-0.791183,0.791888,0.500000,1.300000
0,0,6.665428,0.000566,-1.245023,0.001378,0.500000,1.400000
1,1,4.822067,4.822055,-0.784272,-0.784283,0.500000,1.400000
2,2,0.004977,6.612893,0.020354,-1.296837,0.500000,1.400000
3,3,-4.709751,4.704703,0.871365,-0.892709,0.500000,1.400000
4,4,-6.798205,0.000213,1.127126,-0.000441,0.500000,1.400000
5,5,-4.692574,-4.685896,0.883629,0.912468,0.500000,1.400000
6,6,0.005844,-6.594332,0.023503,1.312368,0.500000,1.400000
7,7,4.804937,-4.804197,-0.800241,0.800665,0.500000,1.400000
0,0,6.540817,0.001079,-1.246105,0.005128,0.500000,1.500000
1,1,4.742918,4.742905,-0.791488,-0.791499,0.500000,1.500000
2,2,0.007377,6.482534,0.024009,-1.303593,0.500000,1.500000
3,3,-4.622300,4.615404,0.874513,-0.892987,0.500000,1.500000
4,4,-6.685354,0.000073,1.128509,-0.001397,0.500000,1.500000
5,5,-4.603839,-4.594463,0.887344,0.914331,0.500000,1.500000
6,6,0.008545,-6.462455,0.027011,1.318769,0.500000,1.500000
7,7,4.724284,-4.723764,-0.806531,0.804326,0.500000,1.500000
0,0,6.416382,0.001723,-1.244356,0.006442,0.500000,1.600000
1,1,4.663358,4.663581,-0.795605,-0.793246,0.500000,1.600000
2,2,0.010088,6.351790,0.027101,-1.307443,0.500000,1.600000
3,3,-4.534715,4.526430,0.875848,-0.889743,0.500000,1.600000
4,4,-6.572759,-0.000182,1.125946,-0.002547,0.500000,1.600000
5,5,-4.514881,-4.503161,0.889581,0.913015,0.500000,1.600000
6,6,0.011530,-6.330169,0.029852,1.322864,0.500000,1.600000
7,7,4.643234,-4.643355,-0.810502,0.804096,0.500000,1.600000
0,0,6.292428,0.002392,-1.239536,0.006693,0.500000,1.700000
1,1,4.583553,4.584421,-0.798045,-0.791598,0.500000,1.700000
2,2,0.013074,6.220853,0.029867,-1.309370,0.500000,1.700000
3,3,-4.447183,4.438020,0.875318,-0.884103,0.500000,1.700000
4,4,-6.460632,-0.000573,1.121277,-0.003913,0.500000,1.700000
5,5,-4.425949,-4.412131,0.889320,0.910304,0.500000,1.700000
6,6,0.014643,-6.197475,0.031132,1.326941,0.500000,1.700000
7,7,4.562129,-4.563479,-0.811052,0.798761,0.500000,1.700000
0,0,6.169251,0.002980,-1.231770,0.005884,0.500000,1.800000
1,1,4.503733,4.505743,-0.798205,-0.786783,0.500000,1.800000
2,2,0.016306,6.089831,0.032320,-1.310214,0.500000,1.800000
3,3,-4.359988,4.350268,0.871952,-0.877513,0.500000,1.800000
4,4,-6.349117,-0.001115,1.115143,-0.005416,0.500000,1.800000
5,5,-4.337326,-4.321415,0.886230,0.907156,0.500000,1.800000
6,6,0.018134,-6.064846,0.034910,1.326288,0.500000,1.800000
7,7,4.480925,-4.484026,-0.812039,0.794522,0.500000,1.800000
0,0,6.047118,0.003542,-1.221329,0.005618,0.500000,1.900000
1,1,4.424087,4.427757,-0.796463,-0.779857,0.500000,1.900000
2,2,0.019729,5.958762,0.034225,-1.310694,0.500000,1.900000
3,3,-4.273343,4.263279,0.866454,-0.869895,0.500000,1.900000
4,4,-6.238372,-0.001823,1.107454,-0.007088,0.500000,1.900000
5,5,-4.249136,-4.231060,0.881902,0.903556,0.500000,1.900000
6,6,0.021918,-5.932353,0.037837,1.324926,0.500000,1.900000
7,7,4.399783,-4.405275,-0.811416,0.787515,0.500000,1.900000
0,0,5.926281,0.004096,-1.208374,0.005539,0.500000,2.000000
1,1,4.344734,4.350601,-0.793526,-0.771557,0.500000,2.000000
2,2,0.023259,5.827608,0.035305,-1.311540,0.500000,2.000000
3,3,-4.187377,4.177187,0.859661,-0.860920,0.500000,2.000000
4,4,-6.128511,-0.002735,1.098606,-0.009115,0.500000,2.000000
5,5,-4.161448,-4.141101,0.876879,0.899589,0.500000,2.000000
6,6,0.025927,-5.800018,0.040088,1.323356,0.500000,2.000000
7,7,4.318787,-4.327390,-0.809962,0.778846,0.500000,2.000000
0,0,5.809590,0.004570,-1.166913,0.004734,0.500000,2.100000
1,1,4.265756,4.274457,-0.789776,-0.761437,0.500000,2.100000
2,2,0.028128,5.697720,0.048682,-1.298878,0.500000,2.100000
3,3,-4.104659,4.093774,0.827175,-0.834122,0.500000,2.100000
4,4,-6.019602,-0.003900,1.089098,-0.011652,0.500000,2.100000
5,5,-4.077036,-4.053359,0.844125,0.877416,0.500000,2.100000
6,6,0.031384,-5.669016,0.054569,1.310015,0.500000,2.100000
7,7,4.237951,-4.250570,-0.808357,0.768206,0.500000,2.100000
0,0,5.696672,0.004896,-1.129177,0.003265,0.500000,2.200000
1,1,4.187688,4.200558,-0.780687,-0.738998,0.500000,2.200000
2,2,0.032814,5.569443,0.046860,-1.282771,0.500000,2.200000
3,3,-4.023782,4.012919,0.808769,-0.808556,0.500000,2.200000
4,4,-5.912189,-0.005098,1.074131,-0.011982,0.500000,2.200000
5,5,-3.994332,-3.967960,0.827033,0.853989,0.500000,2.200000
6,6,0.036762,-5.539562,0.053789,1.294540,0.500000,2.200000
7,7,4.157723,-4.176084,-0.802289,0.744859,0.500000,2.200000
0,0,5.587040,0.005061,-1.096316,0.001651,0.500000,2.300000
1,1,4.110264,4.128342,-0.774238,-0.722156,0.500000,2.300000
2,2,0.037168,5.442195,0.043548,-1.272484,0.500000,2.300000
3,3,-3.944222,3.934308,0.795604,-0.786109,0.500000,2.300000
4,4,-5.806222,-0.006170,1.059668,-0.010719,0.500000,2.300000
5,5,-3.912933,-3.884688,0.813998,0.832725,0.500000,2.300000
6,6,0.042009,-5.411026,0.052470,1.285365,0.500000,2.300000
7,7,4.078068,-4.103471,-0.796542,0.726126,0.500000,2.300000
0,0,5.480389,0.005037,-1.066519,-0.000238,0.500000,2.400000
1,1,4.033443,4.057570,-0.768212,-0.707718,0.500000,2.400000
2,2,0.040917,5.318541,0.037483,-1.236532,0.500000,2.400000
3,3,-3.865678,3.857724,0.785440,-0.765835,0.500000,2.400000
4,4,-5.701535,-0.007096,1.046867,-0.009263,0.500000,2.400000
5,5,-3.832698,-3.803419,0.802348,0.812692,0.500000,2.400000
6,6,0.047189,-5.285907,0.051792,1.251187,0.500000,2.400000
7,7,3.998940,-4.032456,-0.791287,0.710153,0.500000,2.400000
0,0,5.376223,0.004846,-1.041659,-0.001913,0.500000,2.500000
1,1,3.957140,3.988056,-0.763025,-0.695145,0.500000,2.500000
2,2,0.044643,5.197821,0.037262,-1.207209,0.500000,2.500000
3,3,-3.788482,3.782853,0.771964,-0.748714,0.500000,2.500000
4,4,-5.598035,-0.007849,1.034998,-0.007529,0.500000,2.500000
5,5,-3.753621,-3.723814,0.790765,0.796048,0.500000,2.500000
6,6,0.052611,-5.163665,0.054225,1.222414,0.500000,2.500000
7,7,3.920248,-3.962802,-0.786921,0.696536,0.500000,2.500000
0,0,5.274706,0.004516,-1.015171,-0.003297,0.500000,2.600000
1,1,3.881768,3.920411,-0.753722,-0.676449,0.500000,2.600000
2,2,0.048511,5.079624,0.038682,-1.181966,0.500000,2.600000
3,3,-3.712824,3.710046,0.756572,-0.728066,0.500000,2.600000
4,4,-5.496151,-0.008483,1.018842,-0.006341,0.500000,2.600000
5,5,-3.676105,-3.646331,0.775167,0.774826,0.500000,2.600000
6,6,0.058389,-5.043909,0.057775,1.197566,0.500000,2.600000
7,7,3.842162,-3.894976,-0.780854,0.678258,0.500000,2.600000
0,0,5.175400,0.004062,-0.993053,-0.004542,0.500000,2.700000
1,1,3.807087,3.854258,-0.746808,-0.661530,0.500000,2.700000
2,2,0.052435,4.963493,0.039233,-1.161310,0.500000,2.700000
3,3,-3.638306,3.638918,0.745180,-0.711283,0.500000,2.700000
4,4,-5.395608,-0.008955,1.005432,-0.004720,0.500000,2.700000
5,5,-3.599794,-3.570658,0.763101,0.756735,0.500000,2.700000
6,6,0.064422,-4.926140,0.060334,1.177694,0.500000,2.700000
7,7,3.764515,-3.828622,-0.776469,0.663539,0.500000,2.700000
0,0,5.078165,0.003476,-0.972357,-0.005856,0.500000,2.800000
1,1,3.733018,3.789455,-0.740692,-0.648031,0.500000,2.800000
2,2,0.056807,4.848919,0.043727,-1.145739,0.500000,2.800000
3,3,-3.564816,3.569306,0.734903,-0.696119,0.500000,2.800000
4,4,-5.296717,-0.008995,0.988905,-0.000393,0.500000,2.800000
5,5,-3.524591,-3.496654,0.752036,0.740040,0.500000,2.800000
6,6,0.070677,-4.810083,0.062549,1.160561,0.500000,2.800000
7,7,3.687267,-3.763605,-0.772481,0.650174,0.500000,2.800000
0,0,4.982968,0.002705,-0.951962,-0.007712,0.500000,2.900000
1,1,3.659534,3.725929,-0.734843,-0.635260,0.500000,2.900000
2,2,0.061007,4.736090,0.041998,-1.128294,0.500000,2.900000
3,3,-3.492086,3.501100,0.727301,-0.682062,0.500000,2.900000
4,4,-5.198891,-0.008965,0.978261,0.000296,0.500000,2.900000
5,5,-3.450545,-3.424129,0.740456,0.725243,0.500000,2.900000
6,6,0.074651,-4.692492,0.039740,1.175917,0.500000,2.900000
7,7,3.612793,-3.702948,-0.744745,0.606567,0.500000,2.900000
0,0,4.889351,0.000964,-0.936178,-0.017408,0.500000,3.000000
1,1,3.586984,3.663691,-0.725493,-0.622381,0.500000,3.000000
2,2,0.065491,4.624835,0.044840,-1.112550,0.500000,3.000000
3,3,-3.420385,3.434347,0.717005,-0.667532,0.500000,3.000000
4,4,-5.101976,-0.008933,0.969148,0.000326,0.500000,3.000000
5,5,-3.377152,-3.353611,0.733935,0.705180,0.500000,3.000000
6,6,0.079074,-4.576489,0.044235,1.160027,0.500000,3.000000
7,7,3.537629,-3.642038,-0.751634,0.609102,0.500000,3.000000
0,0,4.797610,-0.001523,-0.917409,-0.024880,0.500000,3.100000
1,1,3.515335,3.602603,-0.716496,-0.610875,0.500000,3.100000
2,2,0.070024,4.515360,0.045333,-1.094744,0.500000,3.100000
3,3,-3.349511,3.369111,0.708741,-0.652355,0.500000,3.100000
4,4,-5.006089,-0.008828,0.958870,0.001051,0.500000,3.100000
5,5,-3.304743,-3.284904,0.724090,0.687073,0.500000,3.100000
6,6,0.083664,-4.461810,0.045896,1.146787,0.500000,3.100000
7,7,3.462278,-3.581757,-0.753510,0.602814,0.500000,3.100000
0,0,4.707712,-0.004826,-0.898975,-0.033021,0.500000,3.200000
1,1,3.444624,3.542569,-0.707110,-0.600343,0.500000,3.200000
2,2,0.074647,4.407670,0.046226,-1.076902,0.500000,3.200000
3,3,-3.279442,3.305379,0.700694,-0.637319,0.500000,3.200000
4,4,-4.911249,-0.008541,0.948402,0.002863,0.500000,3.200000
5,5,-3.233238,-3.217949,0.715051,0.669553,0.500000,3.200000
6,6,0.088102,-4.348217,0.044375,1.135933,0.500000,3.200000
7,7,3.386928,-3.522330,-0.753505,0.594268,0.500000,3.200000
0,0,4.619476,-0.009172,-0.882359,-0.043469,0.500000,3.300000
1,1,3.374955,3.483500,-0.696687,-0.590683,0.500000,3.300000
2,2,0.080146,4.301309,0.054987,-1.063609,0.500000,3.300000
3,3,-3.210128,3.243133,0.693139,-0.622464,0.500000,3.300000
4,4,-4.818141,-0.007542,0.931085,0.009997,0.500000,3.300000
5,5,-3.162462,-3.152675,0.707757,0.652740,0.500000,3.300000
6,6,0.092040,-4.235475,0.039384,1.127423,0.500000,3.300000
7,7,3.311676,-3.463798,-0.752516,0.585323,0.500000,3.300000
0,0,4.532543,-0.015022,-0.869336,-0.058494,0.500000,3.400000
1,1,3.306521,3.425269,-0.684338,-0.582318,0.500000,3.400000
2,2,0.083888,4.198769,0.037421,-1.025398,0.500000,3.400000
3,3,-3.139391,3.180477,0.707371,-0.626559,0.500000,3.400000
4,4,-4.725746,-0.006488,0.923947,0.010539,0.500000,3.400000
5,5,-3.090516,-3.086541,0.719462,0.661340,0.500000,3.400000
6,6,0.093217,-4.125536,0.011773,1.099387,0.500000,3.400000
7,7,3.236485,-3.406092,-0.751914,0.577060,0.500000,3.400000
0,0,4.444264,-0.021442,-0.882786,-0.064197,0.500000,3.500000
1,1,3.239692,3.367954,-0.668289,-0.573147,0.500000,3.500000
2,2,0.092308,4.097731,0.084202,-1.010381,0.500000,3.500000
3,3,-3.072030,3.119666,0.673605,-0.608108,0.500000,3.500000
4,4,-4.635980,-0.004842,0.897657,0.016454,0.500000,3.500000
5,5,-3.023054,-3.022184,0.674618,0.643572,0.500000,3.500000
6,6,0.099744,-4.017299,0.065268,1.082374,0.500000,3.500000
7,7,3.161462,-3.349153,-0.750229,0.569384,0.500000,3.500000
0,0,4.359646,-0.029390,-0.846183,-0.079482,0.500000,3.600000
1,1,3.178190,3.315430,-0.615024,-0.525244,0.500000,3.600000
2,2,0.096587,3.994921,0.042789,-1.028106,0.500000,3.600000
3,3,-3.004576,3.059727,0.674547,-0.599390,0.500000,3.600000
4,4,-4.547185,-0.002783,0.887954,0.020590,0.500000,3.600000
5,5,-2.954494,-2.956830,0.685603,0.653536,0.500000,3.600000
6,6,0.101821,-3.911966,0.020773,1.053322,0.500000,3.600000
7,7,3.085773,-3.293033,-0.756885,0.561197,0.500000,3.600000
0,0,4.273473,-0.037989,-0.861730,-0.085988,0.500000,3.700000
1,1,3.116334,3.261617,-0.618558,-0.538129,0.500000,3.700000
2,2,0.102705,3.894728,0.061180,-1.001929,0.500000,3.700000
3,3,-2.937190,3.002216,0.673855,-0.575116,0.500000,3.700000
4,4,-4.459076,-0.000248,0.881086,0.025356,0.500000,3.700000
5,5,-2.890611,-2.892579,0.638831,0.642512,0.500000,3.700000
6,6,0.109321,-3.807857,0.074999,1.041092,0.500000,3.700000
7,7,3.010126,-3.238114,-0.756476,0.549194,0.500000,3.700000
0,0,4.191386,-0.048097,-0.820871,-0.101089,0.500000,3.800000
1,1,3.055064,3.207606,-0.612705,-0.540106,0.500000,3.800000
2,2,0.107661,3.798946,0.049560,-0.957818,0.500000,3.800000
3,3,-2.867601,2.944087,0.695891,-0.581288,0.500000,3.800000
4,4,-4.372054,0.003906,0.870226,0.041533,0.500000,3.800000
5,5,-2.827200,-2.829366,0.634102,0.632123,0.500000,3.800000
6,6,0.108242,-3.698638,-0.010787,1.092188,0.500000,3.800000
7,7,2.938855,-3.190908,-0.712703,0.472059,0.500000,3.800000
0,0,4.106218,-0.059549,-0.851676,-0.114512,0.500000,3.900000
1,1,2.996269,3.153527,-0.587944,-0.540794,0.500000,3.900000
2,2,0.118713,3.704524,0.110520,-0.944223,0.500000,3.900000
3,3,-2.801574,2.888793,0.660272,-0.552943,0.500000,3.900000
4,4,-4.285564,0.008211,0.864893,0.043057,0.500000,3.900000
5,5,-2.762798,-2.771239,0.644020,0.581279,0.500000,3.900000
6,6,0.108796,-3.592275,0.005533,1.063632,0.500000,3.900000
7,7,2.863534,-3.138630,-0.753217,0.522780,0.500000,3.900000
0,0,4.019867,-0.072646,-0.863514,-0.130971,0.500000,4.000000
1,1,2.943817,3.103334,-0.524521,-0.501921,0.500000,4.000000
2,2,0.124899,3.607880,0.061857,-0.966440,0.500000,4.000000
3,3,-2.732941,2.833984,0.686334,-0.548087,0.500000,4.000000
4,4,-4.199070,0.012756,0.864948,0.045452,0.500000,4.000000
5,5,-2.699385,-2.710400,0.634133,0.608380,0.500000,4.000000
6,6,0.107307,-3.490818,-0.014886,1.014573,0.500000,4.000000
7,7,2.788293,-3.084816,-0.752407,0.538138,0.500000,4.000000
0,0,3.933925,-0.085737,-0.859418,-0.130909,0.500000,4.100000
1,1,2.891468,3.050982,-0.523492,-0.523525,0.500000,4.100000
2,2,0.136772,3.514411,0.118737,-0.934689,0.500000,4.100000
3,3,-2.664526,2.781956,0.684144,-0.520283,0.500000,4.100000
4,4,-4.116476,0.019038,0.825935,0.062817,0.500000,4.100000
5,5,-2.644095,-2.651276,0.552902,0.591241,0.500000,4.100000
6,6,0.113754,-3.390110,0.064471,1.007075,0.500000,4.100000
7,7,2.711115,-3.033982,-0.771783,0.508347,0.500000,4.100000
0,0,3.852341,-0.100817,-0.815839,-0.150800,0.500000,4.200000
1,1,2.840365,2.997403,-0.511034,-0.535786,0.500000,4.200000
2,2,0.146998,3.422539,0.102260,-0.918715,0.500000,4.200000
3,3,-2.593335,2.727083,0.711908,-0.548730,0.500000,4.200000
4,4,-4.032507,0.026227,0.839694,0.071893,0.500000,4.200000
5,5,-2.588108,-2.587380,0.559872,0.638964,0.500000,4.200000
6,6,0.111641,-3.293149,-0.021128,0.969617,0.500000,4.200000
7,7,2.633622,-2.980521,-0.774928,0.534607,0.500000,4.200000
0,0,3.763092,-0.116410,-0.892490,-0.155930,0.500000,4.300000
1,1,2.791997,2.942077,-0.483672,-0.553259,0.500000,4.300000
2,2,0.164356,3.328738,0.173580,-0.938010,0.500000,4.300000
3,3,-2.523941,2.674376,0.693942,-0.527066,0.500000,4.300000
4,4,-3.952891,0.035542,0.796158,0.093148,0.500000,4.300000
5,5,-2.536775,-2.524318,0.513325,0.630615,0.500000,4.300000
6,6,0.109837,-3.190589,-0.018041,1.025597,0.500000,4.300000
7,7,2.564358,-2.931828,-0.692639,0.486931,0.500000,4.300000
0,0,3.671955,-0.131157,-0.911367,-0.147474,0.500000,4.400000
1,1,2.750139,2.888248,-0.418584,-0.538296,0.500000,4.400000
2,2,0.177197,3.232748,0.128411,-0.959907,0.500000,4.400000
3,3,-2.451601,2.620104,0.723402,-0.542721,0.500000,4.400000
4,4,-3.874415,0.046714,0.784760,0.111714,0.500000,4.400000
5,5,-2.478696,-2.460298,0.580790,0.640208,0.500000,4.400000
6,6,0.105323,-3.091761,-0.045145,0.988281,0.500000,4.400000
7,7,2.489065,-2.880715,-0.752928,0.511133,0.500000,4.400000
0,0,3.583378,-0.146219,-0.885770,-0.150621,0.500000,4.500000
1,1,2.705938,2.830005,-0.442004,-0.582428,0.500000,4.500000
2,2,0.188881,3.141237,0.116840,-0.915106,0.500000,4.500000
3,3,-2.377527,2.566224,0.740741,-0.538802,0.500000,4.500000
4,4,-3.795891,0.059023,0.785240,0.123095,0.500000,4.500000
5,5,-2.428906,-2.393627,0.497902,0.666709,0.500000,4.500000
6,6,0.111131,-2.994958,0.058084,0.968026,0.500000,4.500000
7,7,2.410807,-2.831414,-0.782588,0.493009,0.500000,4.500000
0,0,3.501592,-0.161844,-0.817864,-0.156247,0.500000,4.600000
1,1,2.664610,2.768738,-0.413287,-0.612667,0.500000,4.600000
2,2,0.205616,3.050971,0.167347,-0.902661,0.500000,4.600000
3,3,-2.314540,2.513196,0.629866,-0.530280,0.500000,4.600000
4,4,-3.715783,0.074230,0.801079,0.152066,0.500000,4.600000
5,5,-2.369633,-2.328399,0.592732,0.652275,0.500000,4.600000
6,6,0.097840,-2.890722,-0.132917,1.042363,0.500000,4.600000
7,7,2.336850,-2.789423,-0.739562,0.419904,0.500000,4.600000
0,0,3.414945,-0.178460,-0.866469,-0.166160,0.500000,4.700000
1,1,2.627727,2.707295,-0.368826,-0.614430,0.500000,4.700000
2,2,0.209570,2.953449,0.039542,-0.975216,0.500000,4.700000
3,3,-2.243494,2.467803,0.710465,-0.453927,0.500000,4.700000
4,4,-3.644008,0.088662,0.717752,0.144327,0.500000,4.700000
5,5,-2.316899,-2.269839,0.527337,0.585604,0.500000,4.700000
6,6,0.108970,-2.785285,0.111305,1.054372,0.500000,4.700000
7,7,2.258394,-2.740295,-0.784566,0.491285,0.500000,4.700000
0,0,3.342231,-0.200801,-0.727142,-0.223417,0.500000,4.800000
1,1,2.591927,2.640834,-0.358006,-0.664610,0.500000,4.800000
2,2,0.212563,2.866816,0.029924,-0.866336,0.500000,4.800000
3,3,-2.173746,2.420969,0.697476,-0.468341,0.500000,4.800000
4,4,-3.565443,0.103008,0.785643,0.143458,0.500000,4.800000
5,5,-2.269583,-2.201976,0.473164,0.678631,0.500000,4.800000
6,6,0.106914,-2.687499,-0.020563,0.977864,0.500000,4.800000
7,7,2.178871,-2.691317,-0.795228,0.489774,0.500000,4.800000
0,0,3.260167,-0.222050,-0.820643,-0.212482,0.500000,4.900000
1,1,2.551839,2.570806,-0.400879,-0.700284,0.500000,4.900000
2,2,0.228512,2.776458,0.159498,-0.903572,0.500000,4.900000
3,3,-2.112154,2.380388,0.615915,-0.405811,0.500000,4.900000
4,4,-3.488172,0.122224,0.772714,0.192155,0.500000,4.900000
5,5,-2.222867,-2.139995,0.467160,0.619810,0.500000,4.900000
6,6,0.115778,-2.596115,0.088639,0.913834,0.500000,4.900000
7,7,2.099050,-2.634852,-0.798206,0.564653,0.500000,4.900000
0,0,3.179296,-0.249459,-0.808708,-0.274094,0.500000,5.000000
1,1,2.519703,2.503303,-0.321356,-0.675028,0.500000,5.000000
2,2,0.232410,2.691038,0.038976,-0.854208,0.500000,5.000000
3,3,-2.039679,2.339287,0.724757,-0.411010,0.500000,5.000000
4,4,-3.413669,0.140348,0.745026,0.181244,0.500000,5.000000
5,5,-2.172556,-2.075031,0.503102,0.649633,0.500000,5.000000
6,6,0.083339,-2.493958,-0.324385,1.021577,0.500000,5.000000
7,7,2.051566,-2.591706,-0.474847,0.431463,0.500000,5.000000
0,0,3.095245,-0.262765,-0.840504,-0.133055,0.500000,5.100000
1,1,2.481241,2.431730,-0.384620,-0.715731,0.500000,5.100000
2,2,0.248671,2.597021,0.162606,-0.940169,0.500000,5.100000
3,3,-1.975511,2.297832,0.641679,-0.414553,0.500000,5.100000
4,4,-3.342710,0.166081,0.709597,0.257326,0.500000,5.100000
5,5,-2.137970,-2.014599,0.345869,0.604321,0.500000,5.100000
6,6,0.088035,-2.386666,0.046953,1.072913,0.500000,5.100000
7,7,1.991554,-2.557736,-0.600119,0.339695,0.500000,5.100000
0,0,3.009112,-0.275925,-0.861329,-0.131606,0.500000,5.200000
1,1,2.444233,2.362174,-0.370084,-0.695561,0.500000,5.200000
2,2,0.252168,2.513718,0.034971,-0.833031,0.500000,5.200000
3,3,-1.910826,2.253539,0.646851,-0.442926,0.500000,5.200000
4,4,-3.262163,0.191014,0.805468,0.249335,0.500000,5.200000
5,5,-2.091223,-1.952028,0.467462,0.625715,0.500000,5.200000
6,6,0.090709,-2.294699,0.026750,0.919674,0.500000,5.200000
7,7,1.924541,-2.519745,-0.670124,0.379916,0.500000,5.200000
0,0,2.933730,-0.291132,-0.753823,-0.152069,0.500000,5.300000
1,1,2.406228,2.289122,-0.380049,-0.730521,0.500000,5.300000
2,2,0.262727,2.430949,0.105592,-0.827688,0.500000,5.300000
3,3,-1.842268,2.223724,0.685581,-0.298149,0.500000,5.300000
4,4,-3.189774,0.216147,0.723887,0.251325,0.500000,5.300000
5,5,-2.048803,-1.895484,0.424203,0.565441,0.500000,5.300000
6,6,0.092234,-2.209362,0.015243,0.853366,0.500000,5.300000
7,7,1.850327,-2.478701,-0.742142,0.410439,0.500000,5.300000
0,0,2.846722,-0.315204,-0.870080,-0.240719,0.500000,5.400000
1,1,2.374242,2.219878,-0.319855,-0.692434,0.500000,5.400000
2,2,0.260691,2.356337,-0.020362,-0.746116,0.500000,5.400000
3,3,-1.768736,2.187453,0.735316,-0.362712,0.500000,5.400000
4,4,-3.113068,0.241918,0.767059,0.257718,0.500000,5.400000
5,5,-1.998680,-1.838547,0.501231,0.569370,0.500000,5.400000
6,6,0.095994,-2.130870,0.037607,0.784922,0.500000,5.400000
7,7,1.774901,-2.428445,-0.754260,0.502559,0.500000,5.400000
0,0,2.776398,-0.333245,-0.703239,-0.180408,0.500000,5.500000
1,1,2.335505,2.148454,-0.387376,-0.714246,0.500000,5.500000
2,2,0.285555,2.280732,0.248640,-0.756049,0.500000,5.500000
3,3,-1.712630,2.155833,0.561058,-0.316201,0.500000,5.500000
4,4,-3.032792,0.269300,0.802758,0.273811,0.500000,5.500000
5,5,-1.962260,-1.777705,0.364200,0.608414,0.500000,5.500000
6,6,0.068943,-2.036128,-0.270518,0.947418,0.500000,5.500000
7,7,1.720811,-2.407405,-0.540899,0.210393,0.500000,5.500000
0,0,2.692076,-0.354783,-0.843217,-0.215386,0.500000,5.600000
1,1,2.311443,2.079262,-0.240617,-0.691918,0.500000,5.600000
2,2,0.286158,2.201638,0.006033,-0.790947,0.500000,5.600000
3,3,-1.635800,2.127923,0.768303,-0.279102,0.500000,5.600000
4,4,-2.960989,0.295978,0.718037,0.266786,0.500000,5.600000
5,5,-1.934053,-1.720574,0.282073,0.571315,0.500000,5.600000
6,6,0.069603,-1.944273,0.006607,0.918550,0.500000,5.600000
7,7,1.658394,-2.377981,-0.624167,0.294243,0.500000,5.600000
0,0,2.605423,-0.369589,-0.866534,-0.148054,0.500000,5.700000
1,1,2.276954,2.008203,-0.344890,-0.710588,0.500000,5.700000
2,2,0.287278,2.135581,0.011199,-0.660565,0.500000,5.700000
3,3,-1.553720,2.095191,0.820801,-0.327316,0.500000,5.700000
4,4,-2.886587,0.319011,0.744012,0.230332,0.500000,5.700000
5,5,-1.892135,-1.656079,0.419181,0.644947,0.500000,5.700000
6,6,0.070418,-1.870918,0.008141,0.733550,0.500000,5.700000
7,7,1.586338,-2.346840,-0.720562,0.311412,0.500000,5.700000
0,0,2.531574,-0.379930,-0.738488,-0.103412,0.500000,5.800000
1,1,2.239731,1.933242,-0.372230,-0.749609,0.500000,5.800000
2,2,0.326251,2.064230,0.389725,-0.713508,0.500000,5.800000
3,3,-1.503230,2.061186,0.504903,-0.340046,0.500000,5.800000
4,4,-2.810615,0.351720,0.759726,0.327084,0.500000,5.800000
5,5,-1.855570,-1.596294,0.365643,0.597850,0.500000,5.800000
6,6,0.065741,-1.800887,-0.046765,0.700313,0.500000,5.800000
7,7,1.507049,-2.311339,-0.792895,0.355014,0.500000,5.800000
0,0,2.451497,-0.401777,-0.800770,-0.218472,0.500000,5.900000
1,1,2.230239,1.861776,-0.094923,-0.714658,0.500000,5.900000
2,2,0.326022,1.985302,-0.002291,-0.789280,0.500000,5.900000
3,3,-1.425560,2.035275,0.776696,-0.259116,0.500000,5.900000
4,4,-2.743281,0.373068,0.673340,0.213486,0.500000,5.900000
5,5,-1.823545,-1.533157,0.320258,0.631376,0.500000,5.900000
6,6,0.064515,-1.725885,-0.012264,0.750019,0.500000,5.900000
7,7,1.427790,-2.265310,-0.792589,0.460287,0.500000,5.900000
0,0,2.362921,-0.428462,-0.885759,-0.266847,0.500000,6.000000
1,1,2.205850,1.788594,-0.243888,-0.731826,0.500000,6.000000
2,2,0.328262,1.922376,0.022400,-0.629262,0.500000,6.000000
3,3,-1.345498,1.995083,0.800621,-0.401920,0.500000,6.000000
4,4,-2.673787,0.406064,0.694936,0.329952,0.500000,6.000000
5,5,-1.785095,-1.477706,0.384493,0.554507,0.500000,6.000000
6,6,0.053640,-1.627321,-0.108742,0.985638,0.500000,6.000000
7,7,1.367902,-2.241963,-0.598879,0.233474,0.500000,6.000000
0,0,2.273696,-0.433666,-0.892258,-0.052044,0.500000,6.100000
1,1,2.171973,1.712541,-0.338771,-0.760531,0.500000,6.100000
2,2,0.379282,1.851329,0.510201,-0.710475,0.500000,6.100000
3,3,-1.300517,1.970620,0.449809,-0.244629,0.500000,6.100000
4,4,-2.604494,0.437446,0.692930,0.313823,0.500000,6.100000
5,5,-1.734856,-1.414689,0.502397,0.630173,0.500000,6.100000
6,6,0.039032,-1.558903,-0.146086,0.684183,0.500000,6.100000
7,7,1.296394,-2.220617,-0.715077,0.213457,0.500000,6.100000
0,0,2.207798,-0.440715,-0.658977,-0.070492,0.500000,6.200000
1,1,2.169621,1.627887,-0.023520,-0.846543,0.500000,6.200000
2,2,0.377414,1.775130,-0.018672,-0.761986,0.500000,6.200000
3,3,-1.226964,1.955630,0.735527,-0.149894,0.500000,6.200000
4,4,-2.545027,0.467261,0.594674,0.298152,0.500000,6.200000
5,5,-1.716301,-1.350966,0.185550,0.637226,0.500000,6.200000
6,6,0.038589,-1.492132,-0.004426,0.667714,0.500000,6.200000
7,7,1.221428,-2.190607,-0.749658,0.300098,0.500000,6.200000
0,0,2.152901,-0.463271,-0.548973,-0.225558,0.500000,6.300000
1,1,2.150754,1.544355,-0.188664,-0.835318,0.500000,6.300000
2,2,0.373175,1.719209,-0.042399,-0.559209,0.500000,6.300000
3,3,-1.150371,1.924016,0.765932,-0.316143,0.500000,6.300000
4,4,-2.475537,0.504404,0.694900,0.371425,0.500000,6.300000
5,5,-1.686310,-1.291524,0.299902,0.594421,0.500000,6.300000
6,6,0.021879,-1.429512,-0.167104,0.626199,0.500000,6.300000
7,7,1.145852,-2.148773,-0.755760,0.418340,0.500000,6.300000
0,0,2.082692,-0.484211,-0.702086,-0.209399,0.500000,6.400000
1,1,2.118605,1.461798,-0.321497,-0.825563,0.500000,6.400000
2,2,0.430778,1.641454,0.576032,-0.777556,0.500000,6.400000
3,3,-1.124257,1.901115,0.261146,-0.229007,0.500000,6.400000
4,4,-2.396347,0.532991,0.791897,0.285872,0.500000,6.400000
5,5,-1.665411,-1.223401,0.208995,0.681225,0.500000,6.400000
6,6,0.022018,-1.366010,0.001392,0.635016,0.500000,6.400000
7,7,1.069839,-2.097436,-0.760136,0.513374,0.500000,6.400000
0,0,2.000302,-0.499689,-0.823897,-0.154783,0.500000,6.500000
1,1,2.127543,1.368536,0.089379,-0.932622,0.500000,6.500000
2,2,0.423882,1.563537,-0.068956,-0.779170,0.500000,6.500000
3,3,-1.062116,1.901942,0.621406,0.008262,0.500000,6.500000
4,4,-2.332888,0.538092,0.634594,0.051011,0.500000,6.500000
5,5,-1.639074,-1.155832,0.263367,0.675691,0.500000,6.500000
6,6,-0.012046,-1.244884,-0.340646,1.211265,0.500000,6.500000
7,7,1.037588,-2.098000,-0.322504,-0.005649,0.500000,6.500000
0,0,1.912830,-0.528649,-0.874725,-0.289601,0.500000,6.600000
1,1,2.117467,1.278381,-0.100757,-0.901549,0.500000,6.600000
2,2,0.440479,1.521445,0.165970,-0.420922,0.500000,6.600000
3,3,-0.994820,1.882829,0.672955,-0.191125,0.500000,6.600000
4,4,-2.293037,0.577704,0.398508,0.396118,0.500000,6.600000
5,5,-1.589706,-1.115112,0.493684,0.407206,0.500000,6.600000
6,6,-0.040123,-1.150767,-0.280766,0.941162,0.500000,6.600000
7,7,0.995146,-2.084677,-0.424419,0.133235,0.500000,6.600000
0,0,1.823814,-0.526007,-0.890159,0.026429,0.500000,6.700000
1,1,2.092091,1.190812,-0.253762,-0.875692,0.500000,6.700000
2,2,0.477583,1.442944,0.371039,-0.785010,0.500000,6.700000
3,3,-0.942655,1.865456,0.521651,-0.173731,0.500000,6.700000
4,4,-2.248727,0.615950,0.443101,0.382467,0.500000,6.700000
5,5,-1.583212,-1.084824,0.064939,0.302873,0.500000,6.700000
6,6,-0.004482,-1.035174,0.356415,1.155935,0.500000,6.700000
7,7,0.938588,-2.080438,-0.565585,0.042394,0.500000,6.700000
0,0,1.789664,-0.571536,-0.341501,-0.455298,0.500000,6.800000
1,1,2.088192,1.092746,-0.038983,-0.980662,0.500000,6.800000
2,2,0.502808,1.439856,0.252244,-0.030880,0.500000,6.800000
3,3,-0.897407,1.847115,0.452479,-0.183409,0.500000,6.800000
4,4,-2.189696,0.645140,0.590307,0.291899,0.500000,6.800000
5,5,-1.567928,-1.040850,0.152840,0.439745,0.500000,6.800000
6,6,-0.046331,-0.957110,-0.418499,0.780640,0.500000,6.800000
7,7,0.877985,-2.059006,-0.606027,0.214312,0.500000,6.800000
0,0,1.736136,-0.606415,-0.535284,-0.348789,0.500000,6.900000
1,1,2.067580,0.999050,-0.206123,-0.936963,0.500000,6.900000
2,2,0.536191,1.408682,0.333832,-0.311730,0.500000,6.900000
3,3,-0.845930,1.815909,0.514779,-0.312060,0.500000,6.900000
4,4,-2.143455,0.683165,0.462411,0.380248,0.500000,6.900000
5,5,-1.566924,-1.003528,0.010035,0.373220,0.500000,6.900000
6,6,-0.036605,-0.868905,0.097268,0.882049,0.500000,6.900000
7,7,0.814205,-2.023773,-0.637805,0.352335,0.500000,6.900000
0,0,1.667111,-0.632671,-0.690248,-0.262561,0.500000,7.000000
1,1,2.033511,0.908948,-0.340687,-0.901021,0.500000,7.000000
2,2,0.569868,1.352714,0.336774,-0.559689,0.500000,7.000000
3,3,-0.801184,1.799167,0.447456,-0.167416,0.500000,7.000000
4,4,-2.089375,0.712204,0.540799,0.290392,0.500000,7.000000
5,5,-1.546281,-0.955397,0.206428,0.481312,0.500000,7.000000
6,6,-0.016925,-0.795268,0.196796,0.736366,0.500000,7.000000
7,7,0.747929,-1.977458,-0.662760,0.463148,0.500000,7.000000
0,0,1.613330,-0.637470,-0.537808,-0.047985,0.500000,7.100000
1,1,1.988609,0.821801,-0.449026,-0.871465,0.500000,7.100000
2,2,0.620331,1.303101,0.504627,-0.496129,0.500000,7.100000
3,3,-0.753746,1.782219,0.474380,-0.169482,0.500000,7.100000
4,4,-2.028458,0.734433,0.609173,0.222285,0.500000,7.100000
5,5,-1.509887,-0.898661,0.363942,0.567352,0.500000,7.100000
6,6,-0.014697,-0.748188,0.022283,0.470802,0.500000,7.100000
7,7,0.652059,-1.936723,-0.958700,0.407352,0.500000,7.100000
0,0,1.516390,-0.696844,-0.969397,-0.593744,0.500000,7.200000
1,1,1.998319,0.751726,0.097106,-0.700755,0.500000,7.200000
2,2,0.623281,1.278828,0.029506,-0.242722,0.500000,7.200000
3,3,-0.681879,1.760141,0.718668,-0.220786,0.500000,7.200000
4,4,-1.975092,0.773364,0.533663,0.389315,0.500000,7.200000
5,5,-1.484202,-0.852453,0.256853,0.462081,0.500000,7.200000
6,6,0.012765,-0.699869,0.274618,0.483191,0.500000,7.200000
7,7,0.560236,-1.885902,-0.918223,0.508208,0.500000,7.200000
0,0,1.519003,-0.765674,0.026123,-0.688299,0.500000,7.300000
1,1,1.988295,0.680772,-0.100245,-0.709533,0.500000,7.300000
2,2,0.690633,1.222844,0.673521,-0.559844,0.500000,7.300000
3,3,-0.663761,1.769712,0.181183,0.095719,0.500000,7.300000
4,4,-1.908844,0.802694,0.662478,0.293294,0.500000,7.300000
5,5,-1.449867,-0.775107,0.343345,0.773459,0.500000,7.300000
6,6,-0.035815,-0.624154,-0.485798,0.757147,0.500000,7.300000
7,7,0.423392,-1.872513,-1.368445,0.133890,0.500000,7.300000
0,0,1.494924,-0.818618,-0.240782,-0.529434,0.500000,7.400000
1,1,2.010141,0.568881,0.218464,-1.118914,0.500000,7.400000
2,2,0.694759,1.191165,0.041256,-0.316788,0.500000,7.400000
3,3,-0.605772,1.791021,0.579891,0.213082,0.500000,7.400000
4,4,-1.872247,0.859178,0.365966,0.564848,0.500000,7.400000
5,5,-1.491211,-0.748865,-0.413437,0.262429,0.500000,7.400000
6,6,0.015581,-0.550640,0.513960,0.735141,0.500000,7.400000
7,7,0.299046,-1.843360,-1.243462,0.291530,0.500000,7.400000
0,0,1.449506,-0.858701,-0.454180,-0.400838,0.500000,7.500000
1,1,2.009604,0.464743,-0.005370,-1.041378,0.500000,7.500000
2,2,0.714093,1.191777,0.193335,0.006118,0.500000,7.500000
3,3,-0.545898,1.795084,0.598737,0.040629,0.500000,7.500000
4,4,-1.819433,0.902329,0.528139,0.431502,0.500000,7.500000
5,5,-1.504189,-0.709879,-0.129781,0.389851,0.500000,7.500000
6,6,0.042121,-0.524596,0.265398,0.260443,0.500000,7.500000
7,7,0.184850,-1.801474,-1.141959,0.418855,0.500000,7.500000
0,0,1.387027,-0.888377,-0.624790,-0.296752,0.500000,7.600000
1,1,1.991041,0.366957,-0.185632,-0.977864,0.500000,7.600000
2,2,0.753452,1.150120,0.393591,-0.416572,0.500000,7.600000
3,3,-0.504624,1.797912,0.412744,0.028281,0.500000,7.600000
4,4,-1.753656,0.934698,0.657776,0.323692,0.500000,7.600000
5,5,-1.494404,-0.660780,0.097850,0.490998,0.500000,7.600000
6,6,0.060779,-0.481068,0.186583,0.435277,0.500000,7.600000
7,7,0.078899,-1.749305,-1.059510,0.521696,0.500000,7.600000
0,0,1.310909,-0.909627,-0.761187,-0.212506,0.500000,7.700000
1,1,1.957961,0.274372,-0.330803,-0.925841,0.500000,7.700000
2,2,0.782712,1.089597,0.292603,-0.605234,0.500000,7.700000
3,3,-0.431507,1.796440,0.731171,-0.014719,0.500000,7.700000
4,4,-1.700055,0.950763,0.536004,0.160655,0.500000,7.700000
5,5,-1.466352,-0.603652,0.280520,0.571276,0.500000,7.700000
6,6,0.074811,-0.427653,0.140317,0.534158,0.500000,7.700000
7,7,-0.020354,-1.688828,-0.992527,0.604766,0.500000,7.700000
0,0,1.223886,-0.924059,-0.870228,-0.144315,0.500000,7.800000
1,1,1.913189,0.186049,-0.447716,-0.883232,0.500000,7.800000
2,2,0.844557,1.040566,0.618455,-0.490303,0.500000,7.800000
3,3,-0.356269,1.774773,0.752372,-0.216668,0.500000,7.800000
4,4,-1.640536,0.993681,0.595195,0.429173,0.500000,7.800000
5,5,-1.429649,-0.566663,0.367029,0.369890,0.500000,7.800000
6,6,0.057907,-0.389683,-0.169037,0.379699,0.500000,7.800000
7,7,-0.114164,-1.621641,-0.938098,0.671869,0.500000,7.800000
0,0,1.128146,-0.932971,-0.957396,-0.089118,0.500000,7.900000
1,1,1.859002,0.101216,-0.541873,-0.848335,0.500000,7.900000
2,2,0.891508,0.974171,0.469507,-0.663957,0.500000,7.900000
3,3,-0.279432,1.736873,0.768376,-0.379004,0.500000,7.900000
4,4,-1.569419,1.025603,0.711169,0.319228,0.500000,7.900000
5,5,-1.457299,-0.466679,-0.276501,0.999844,0.500000,7.900000
6,6,0.086511,-0.323621,0.286035,0.660612,0.500000,7.900000
7,7,-0.168579,-1.609659,-0.544148,0.119823,0.500000,7.900000
0,0,1.060822,-0.918681,-0.673240,0.142898,0.500000,8.000000
1,1,1.797231,0.019240,-0.617709,-0.819754,0.500000,8.000000
2,2,0.982566,0.915025,0.910578,-0.591453,0.500000,8.000000
3,3,-0.196370,1.724221,0.830622,-0.126517,0.500000,8.000000
4,4,-1.499813,1.057564,0.696058,0.319606,0.500000,8.000000
5,5,-1.458967,-0.369105,-0.016678,0.975733,0.500000,8.000000
6,6,0.058681,-0.311463,-0.278299,0.121581,0.500000,8.000000
7,7,-0.261758,-1.599891,-0.931793,0.097677,0.500000,8.000000
0,0,0.956710,-0.997378,-1.041123,-0.786974,0.500000,8.100000
1,1,1.808272,0.005810,0.110414,-0.134308,0.500000,8.100000
2,2,1.052435,0.840583,0.698693,-0.744420,0.500000,8.100000
3,3,-0.113475,1.693370,0.828949,-0.308508,0.500000,8.100000
4,4,-1.420648,1.080530,0.791655,0.229661,0.500000,8.100000
5,5,-1.439708,-0.273626,0.192588,0.954793,0.500000,8.100000
6,6,-0.033625,-0.222867,-0.923063,0.885962,0.500000,8.100000
7,7,-0.350422,-1.573055,-0.886635,0.268367,0.500000,8.100000
0,0,0.847330,-1.057413,-1.093805,-0.600353,0.500000,8.200000
1,1,1.880648,-0.086603,0.723759,-0.924123,0.500000,8.200000
2,2,1.050877,0.836128,-0.015579,-0.044551,0.500000,8.200000
3,3,-0.030815,1.647880,0.826593,-0.454905,0.500000,8.200000
4,4,-1.336953,1.203394,0.836945,1.228635,0.500000,8.200000
5,5,-1.508352,-0.225825,-0.686435,0.478013,0.500000,8.200000
6,6,-0.030786,-0.165048,0.028396,0.578187,0.500000,8.200000
7,7,-0.435355,-1.532476,-0.849336,0.405785,0.500000,8.200000
0,0,0.733759,-1.102309,-1.135706,-0.448953,0.500000,8.300000
1,1,1.919886,-0.174320,0.392379,-0.877171,0.500000,8.300000
2,2,1.113627,0.755093,0.627495,-0.810355,0.500000,8.300000
3,3,-0.028881,1.661411,0.019348,0.135313,0.500000,8.300000
4,4,-1.246565,1.298677,0.903879,0.952829,0.500000,8.300000
5,5,-1.542411,-0.170479,-0.340588,0.553460,0.500000,8.300000
6,6,-0.028410,-0.091128,0.023759,0.739200,0.500000,8.300000
7,7,-0.517209,-1.480834,-0.818537,0.516418,0.500000,8.300000
0,0,0.616858,-1.134920,-1.169014,-0.326111,0.500000,8.400000
1,1,1.932476,-0.258092,0.125899,-0.837727,0.500000,8.400000
2,2,1.160396,0.663192,0.467689,-0.919005,0.500000,8.400000
3,3,0.071579,1.692057,1.004594,0.306462,0.500000,8.400000
4,4,-1.252361,1.366596,-0.057954,0.679191,0.500000,8.400000
5,5,-1.548683,-0.109242,-0.062727,0.612365,0.500000,8.400000
6,6,-0.026232,-0.034449,0.021775,0.566792,0.500000,8.400000
7,7,-0.596520,-1.420285,-0.793113,0.605492,0.500000,8.400000
0,0,0.497310,-1.157562,-1.195477,-0.226426,0.500000,8.500000
1,1,1.952061,-0.386310,0.195848,-1.282180,0.500000,8.500000
2,2,1.165778,0.610376,0.053823,-0.528158,0.500000,8.500000
3,3,0.167961,1.695510,0.963825,0.034535,0.500000,8.500000
4,4,-1.233624,1.417492,0.187366,0.508957,0.500000,8.500000
5,5,-1.532633,-0.043411,0.160506,0.658315,0.500000,8.500000
6,6,-0.024400,0.038559,0.018322,0.730084,0.500000,8.500000
7,7,-0.673733,-1.352564,-0.772131,0.677211,0.500000,8.500000
0,0,0.470829,-1.194055,-0.264807,-0.364925,0.500000,8.600000
1,1,1.948652,-0.502093,-0.034090,-1.157829,0.500000,8.600000
2,2,1.166435,0.541080,0.006573,-0.692962,0.500000,8.600000
3,3,0.260901,1.677073,0.929395,-0.184375,0.500000,8.600000
4,4,-1.198428,1.462804,0.351957,0.453129,0.500000,8.600000
5,5,-1.502202,0.021718,0.304305,0.651290,0.500000,8.600000
6,6,-0.016149,0.120746,0.082514,0.821865,0.500000,8.600000
7,7,-0.844383,-1.257127,-1.706503,0.954366,0.500000,8.600000
0,0,0.423650,-1.219566,-0.471788,-0.255111,0.500000,8.700000
1,1,1.926715,-0.607734,-0.219372,-1.056403,0.500000,8.700000
2,2,1.163282,0.458604,-0.031538,-0.824763,0.500000,8.700000
3,3,0.350938,1.641013,0.900371,-0.360601,0.500000,8.700000
4,4,-1.156692,1.516011,0.417367,0.532061,0.500000,8.700000
5,5,-1.463863,0.079704,0.383396,0.579859,0.500000,8.700000
6,6,0.007471,0.204296,0.236193,0.835507,0.500000,8.700000
7,7,-0.994422,-1.161323,-1.500385,0.958042,0.500000,8.700000
0,0,0.359927,-1.236194,-0.637232,-0.166285,0.500000,8.800000
1,1,1.889848,-0.705101,-0.368666,-0.973671,0.500000,8.800000
2,2,1.157053,0.365587,-0.062281,-0.930170,0.500000,8.800000
3,3,0.486328,1.621672,1.353897,-0.193404,0.500000,8.800000
4,4,-1.109721,1.562911,0.469706,0.469009,0.500000,8.800000
5,5,-1.411947,0.142714,0.519153,0.630098,0.500000,8.800000
6,6,-0.011728,0.259714,-0.191985,0.554174,0.500000,8.800000
7,7,-1.127809,-1.065113,-1.333871,0.962097,0.500000,8.800000
0,0,0.282980,-1.245638,-0.769472,-0.094436,0.500000,8.900000
1,1,1.840952,-0.795719,-0.488962,-0.906183,0.500000,8.900000
2,2,1.148345,0.264140,-0.087081,-1.014467,0.500000,8.900000
3,3,0.609968,1.584632,1.236400,-0.370408,0.500000,8.900000
4,4,-1.047417,1.604863,0.623041,0.419514,0.500000,8.900000
5,5,-1.428605,0.195501,-0.166576,0.527866,0.500000,8.900000
6,6,0.050980,0.337501,0.627081,0.777871,0.500000,8.900000
7,7,-1.247740,-0.968488,-1.199308,0.966258,0.500000,8.900000
0,0,0.195463,-1.249270,-0.875168,-0.036317,0.500000,9.000000
1,1,1.794698,-0.920090,-0.462536,-1.243711,0.500000,9.000000
2,2,1.125301,0.195211,-0.230448,-0.689296,0.500000,9.000000
3,3,0.724013,1.533294,1.140458,-0.513379,0.500000,9.000000
4,4,-0.974310,1.634311,0.731071,0.294480,0.500000,9.000000
5,5,-1.420559,0.254186,0.080460,0.586850,0.500000,9.000000
6,6,0.100963,0.427395,0.499827,0.898942,0.500000,9.000000
7,7,-1.356793,-0.871454,-1.090529,0.970341,0.500000,9.000000
0,0,0.099499,-1.248200,-0.959645,0.010701,0.500000,9.100000
1,1,1.738110,-1.032030,-0.565878,-1.119395,0.500000,9.100000
2,2,1.103166,0.113030,-0.221348,-0.821804,0.500000,9.100000
3,3,0.830224,1.470407,1.062102,-0.628865,0.500000,9.100000
4,4,-0.923024,1.674264,0.512859,0.399530,0.500000,9.100000
5,5,-1.392674,0.317489,0.278853,0.633038,0.500000,9.100000
6,6,0.171025,0.506359,0.700623,0.789641,0.500000,9.100000
7,7,-1.457050,-0.774031,-1.002567,0.974227,0.500000,9.100000
0,0,-0.003217,-1.243325,-1.027161,0.048742,0.500000,9.200000
1,1,1.673164,-1.133879,-0.649463,-1.018497,0.500000,9.200000
2,2,1.081795,0.020244,-0.213710,-0.927860,0.500000,9.200000
3,3,1.010251,1.474982,1.800277,0.045744,0.500000,9.200000
4,4,-0.858773,1.701883,0.642506,0.276191,0.500000,9.200000
5,5,-1.348855,0.384407,0.438185,0.669177,0.500000,9.200000
6,6,0.163007,0.522846,-0.080181,0.164866,0.500000,9.200000
7,7,-1.550191,-0.676246,-0.931417,0.977847,0.500000,9.200000
0,0,-0.111329,-1.235373,-1.081119,0.079525,0.500000,9.300000
1,1,1.601457,-1.227538,-0.717070,-0.936587,0.500000,9.300000
2,2,1.061064,-0.081030,-0.207309,-1.012743,0.500000,9.300000
3,3,1.168723,1.456474,1.584712,-0.185075,0.500000,9.300000
4,4,-0.784170,1.719535,0.746034,0.176518,0.500000,9.300000
5,5,-1.319404,0.468923,0.294508,0.845156,0.500000,9.300000
6,6,0.183154,0.548921,0.201473,0.260751,0.500000,9.300000
7,7,-1.637576,-0.578130,-0.873849,0.981164,0.500000,9.300000
0,0,-0.223753,-1.224929,-1.124241,0.104439,0.500000,9.400000
1,1,1.524282,-1.314546,-0.771756,-0.870080,0.500000,9.400000
2,2,1.040869,-0.189098,-0.201949,-1.080682,0.500000,9.400000
3,3,1.309624,1.419293,1.409011,-0.371815,0.500000,9.400000
4,4,-0.701300,1.729131,0.828700,0.095967,0.500000,9.400000
5,5,-1.274191,0.552620,0.452132,0.836972,0.500000,9.400000
6,6,0.198593,0.597438,0.154388,0.485169,0.500000,9.400000
7,7,-1.720302,-0.479713,-0.827257,0.984165,0.500000,9.400000
0,0,-0.339623,-1.212469,-1.158701,0.124605,0.500000,9.500000
1,1,1.451208,-1.464749,-0.730737,-1.502030,0.500000,9.500000
2,2,1.012597,-0.234008,-0.282723,-0.449097,0.500000,9.500000
3,3,1.436200,1.367005,1.265765,-0.522879,0.500000,9.500000
4,4,-0.643866,1.792516,0.574340,0.633847,0.500000,9.500000
5,5,-1.216293,0.635561,0.578981,0.829412,0.500000,9.500000
6,6,0.242239,0.603608,0.436462,0.061707,0.500000,9.500000
7,7,-1.799256,-0.381028,-0.789537,0.986852,0.500000,9.500000
0,0,-0.458247,-1.198375,-1.186238,0.140933,0.500000,9.600000
1,1,1.372759,-1.596692,-0.784490,-1.319432,0.500000,9.600000
2,2,0.986465,-0.296997,-0.261319,-0.629891,0.500000,9.600000
3,3,1.551095,1.302497,1.148947,-0.645080,0.500000,9.600000
4,4,-0.563779,1.854529,0.800867,0.620129,0.500000,9.600000
5,5,-1.159190,0.701726,0.571027,0.661653,0.500000,9.600000
6,6,0.276252,0.636195,0.340125,0.325870,0.500000,9.600000
7,7,-1.875155,-0.282104,-0.758990,0.989238,0.500000,9.600000
0,0,-0.579071,-1.182960,-1.208242,0.154156,0.500000,9.700000
1,1,1.289903,-1.713845,-0.828556,-1.171529,0.500000,9.700000
2,2,0.962107,-0.374458,-0.243576,-0.774607,0.500000,9.700000
3,3,1.656461,1.228103,1.053658,-0.743935,0.500000,9.700000
4,4,-0.476617,1.899154,0.871619,0.446246,0.500000,9.700000
5,5,-1.091683,0.770508,0.675077,0.687815,0.500000,9.700000
6,6,0.302426,0.689911,0.261741,0.537154,0.500000,9.700000
7,7,-1.948579,-0.182970,-0.734247,0.991342,0.500000,9.700000
0,0,-0.701654,-1.166473,-1.225824,0.164866,0.500000,9.800000
1,1,1.203435,-1.819014,-0.864677,-1.051690,0.500000,9.800000
2,2,0.939220,-0.463502,-0.228875,-0.890443,0.500000,9.800000
3,3,1.754052,1.145712,0.975909,-0.823908,0.500000,9.800000
4,4,-0.383832,1.929703,0.927858,0.305494,0.500000,9.800000
5,5,-1.053712,0.850477,0.379711,0.799690,0.500000,9.800000
6,6,0.360114,0.751388,0.576881,0.614775,0.500000,9.800000
7,7,-2.019999,-0.083651,-0.714197,0.993187,0.500000,9.800000
0,0,-0.825641,-1.149119,-1.239872,0.173544,0.500000,9.900000
1,1,1.114007,-1.914470,-0.894282,-0.954562,0.500000,9.900000
2,2,0.917550,-0.561818,-0.216700,-0.983164,0.500000,9.900000
3,3,1.845297,1.056851,0.912454,-0.888611,0.500000,9.900000
4,4,-0.306418,1.990415,0.774134,0.607124,0.500000,9.900000
5,5,-1.001398,0.930147,0.523139,0.796698,0.500000,9.900000
6,6,0.424735,0.786644,0.646207,0.352561,0.500000,9.900000
7,7,-2.089794,0.015828,-0.697946,0.994797,0.500000,9.900000
0,0,-0.950751,-1.131061,-1.251096,0.180577,0.500000,10.000000
1,1,1.022153,-2.002052,-0.918544,-0.875817,0.500000,10.000000
2,2,0.896888,-0.667557,-0.206620,-1.057383,0.500000,10.000000
3,3,1.931362,0.962755,0.860652,-0.940966,0.500000,10.000000
4,4,-0.221510,2.033495,0.849086,0.430799,0.500000,10.000000
5,5,-0.937544,1.009485,0.638539,0.793381,0.500000,10.000000
6,6,0.474807,0.842467,0.500724,0.558223,0.500000,10.000000
7,7,-2.158271,0.115448,-0.684771,0.996195,0.500000,10.000000
0,0,-1.076757,-1.112433,-1.260063,0.186278,0.500000,10.100000
1,1,0.928310,-2.083248,-0.938428,-0.811958,0.500000,10.100000
2,2,0.877060,-0.779236,-0.198277,-1.116792,0.500000,10.100000
3,3,2.013197,0.864421,0.818350,-0.983337,0.500000,10.100000
4,4,-0.133780,2.083674,0.877293,0.501791,0.500000,10.100000
5,5,-0.864404,1.088482,0.731395,0.789969,0.500000,10.100000
6,6,0.516171,0.893357,0.413639,0.508903,0.500000,10.100000
7,7,-2.225679,0.215188,-0.674085,0.997405,0.500000,10.100000
0,0,-1.203480,-1.093343,-1.267227,0.190902,0.500000,10.200000
1,1,0.832838,-2.159264,-0.954725,-0.760157,0.500000,10.200000
2,2,0.857923,-0.895671,-0.191372,-1.164347,0.500000,10.200000
3,3,2.091577,0.762658,0.783796,-1.017634,0.500000,10.200000
4,4,-0.040707,2.117971,0.930730,0.342962,0.500000,10.200000
5,5,-0.783793,1.167144,0.806117,0.786616,0.500000,10.200000
6,6,0.547260,0.961662,0.310895,0.683050,0.500000,10.200000
7,7,-2.292221,0.315033,-0.665415,0.998449,0.500000,10.200000
0,0,-1.330775,-1.073878,-1.272950,0.194652,0.500000,10.300000
1,1,0.736029,-2.231076,-0.968081,-0.718124,0.500000,10.300000
2,2,0.839357,-1.015912,-0.185658,-1.202414,0.500000,10.300000
3,3,2.167133,0.658117,0.755562,-1.045400,0.500000,10.300000
4,4,0.069705,2.236163,1.104122,1.181923,0.500000,10.300000
5,5,-0.784456,1.243075,-0.006631,0.759315,0.500000,10.300000
6,6,0.641686,0.952582,0.944259,-0.090804,0.500000,10.300000
7,7,-2.358058,0.414968,-0.658379,0.999348,0.500000,10.300000
0,0,-1.458527,-1.054108,-1.277521,0.197694,0.500000,10.400000
1,1,0.638127,-2.299477,-0.979029,-0.684009,0.500000,10.400000
2,2,0.821264,-1.139201,-0.180929,-1.232887,0.500000,10.400000
3,3,2.240381,0.551329,0.732485,-1.067885,0.500000,10.400000
4,4,0.180777,2.324321,1.110722,0.881585,0.500000,10.400000
5,5,-0.762727,1.319055,0.217284,0.759799,0.500000,10.400000
6,6,0.714721,0.972869,0.730352,0.202872,0.500000,10.400000
7,7,-2.423325,0.514980,-0.652667,1.000119,0.500000,10.400000
0,0,-1.586644,-1.034092,-1.281172,0.200164,0.500000,10.500000
1,1,0.539326,-2.365108,-0.988004,-0.656312,0.500000,10.500000
2,2,0.803563,-1.264929,-0.177015,-1.257280,0.500000,10.500000
3,3,2.311743,0.442719,0.713617,-1.086097,0.500000,10.500000
4,4,0.292285,2.388133,1.115080,0.638120,0.500000,10.500000
5,5,-0.722987,1.394928,0.397402,0.758735,0.500000,10.500000
6,6,0.770354,1.016622,0.556323,0.437533,0.500000,10.500000
7,7,-2.488128,0.615058,-0.648028,1.000779,0.500000,10.500000
0,0,-1.715053,-1.013875,-1.284088,0.202170,0.500000,10.600000
1,1,0.439790,-2.428490,-0.995362,-0.633818,0.500000,10.600000
2,2,0.786185,-1.392610,-0.173776,-1.276808,0.500000,10.600000
3,3,2.381562,0.332634,0.698185,-1.100852,0.500000,10.600000
4,4,0.404063,2.432208,1.117779,0.440747,0.500000,10.600000
5,5,-0.668758,1.470598,0.542292,0.756698,0.500000,10.600000
6,6,0.811830,1.079124,0.414762,0.625014,0.500000,10.600000
7,7,-2.552554,0.715192,-0.644259,1.001343,0.500000,10.600000
0,0,-1.843694,-0.993495,-1.286417,0.203799,0.500000,10.700000
1,1,0.339650,-2.490044,-1.001395,-0.615546,0.500000,10.700000
2,2,0.769076,-1.521854,-0.171095,-1.292441,0.500000,10.700000
3,3,2.450118,0.221353,0.685559,-1.112810,0.500000,10.700000
4,4,0.515990,2.460281,1.119272,0.280729,0.500000,10.700000
5,5,-0.602873,1.546008,0.658850,0.754097,0.500000,10.700000
6,6,0.841792,1.156602,0.299620,0.774784,0.500000,10.700000
7,7,-2.616674,0.815375,-0.641196,1.001825,0.500000,10.700000
0,0,-1.972522,-0.972983,-1.288277,0.205123,0.500000,10.800000
1,1,0.239016,-2.550114,-1.006344,-0.600699,0.500000,10.800000
2,2,0.752188,-1.652349,-0.168875,-1.304956,0.500000,10.800000
3,3,2.517640,0.109103,0.675225,-1.122503,0.500000,10.800000
4,4,0.642225,2.539191,1.262348,0.789102,0.500000,10.800000
5,5,-0.551031,1.630165,0.518423,0.841570,0.500000,10.800000
6,6,0.871564,1.173196,0.297720,0.165941,0.500000,10.800000
7,7,-2.680544,0.915598,-0.638706,1.002235,0.500000,10.800000
0,0,-2.101498,-0.952363,-1.289762,0.206199,0.500000,10.900000
1,1,0.137976,-2.608977,-1.010403,-0.588630,0.500000,10.900000
2,2,0.735485,-1.783847,-0.167037,-1.314976,0.500000,10.900000
3,3,2.584316,-0.003934,0.666764,-1.130364,0.500000,10.900000
4,4,0.765551,2.594630,1.233263,0.554393,0.500000,10.900000
5,5,-0.486919,1.712156,0.641115,0.819916,0.500000,10.900000
6,6,0.891882,1.213914,0.203185,0.407183,0.500000,10.900000
7,7,-2.744212,1.015857,-0.636680,1.002585,0.500000,10.900000
0,0,-2.230593,-0.931655,-1.290947,0.207074,0.500000,11.000000
1,1,0.036602,-2.666859,-1.013733,-0.578817,0.500000,11.000000
2,2,0.718933,-1.916147,-0.165514,-1.322997,0.500000,11.000000
3,3,2.650300,-0.117608,0.659833,-1.136741,0.500000,11.000000
4,4,0.886457,2.631025,1.209053,0.363943,0.500000,11.000000
5,5,-0.412925,1.792310,0.739947,0.801539,0.500000,11.000000
6,6,0.904537,1.273919,0.126545,0.600046,0.500000,11.000000
7,7,-2.807715,1.116145,-0.635031,1.002881,0.500000,11.000000
0,0,-2.359782,-0.910877,-1.291894,0.207786,0.500000,11.100000
1,1,-0.065044,-2.723943,-1.016466,-0.570836,0.500000,11.100000
2,2,0.702508,-2.049089,-0.164253,-1.329420,0.500000,11.100000
3,3,2.715715,-0.231799,0.654153,-1.141915,0.500000,11.100000
4,4,1.005345,2.651964,1.188888,0.209390,0.500000,11.100000
5,5,-0.357692,1.899027,0.552326,1.067168,0.500000,11.100000
6,6,0.937702,1.321222,0.331652,0.473027,0.500000,11.100000
7,7,-2.871084,1.216458,-0.633689,1.003133,0.500000,11.100000
0,0,-2.489047,-0.890040,-1.292650,0.208366,0.500000,11.200000
1,1,-0.166915,-2.780377,-1.018709,-0.564342,0.500000,11.200000
2,2,0.686187,-2.182545,-0.163208,-1.334562,0.500000,11.200000
3,3,2.780665,-0.346411,0.649497,-1.146116,0.500000,11.200000
4,4,1.122554,2.660359,1.172084,0.083951,0.500000,11.200000
5,5,-0.290622,1.998680,0.670695,0.996529,0.500000,11.200000
6,6,0.960393,1.386461,0.226907,0.652394,0.500000,11.200000
7,7,-2.934344,1.316793,-0.632596,1.003347,0.500000,11.200000
0,0,-2.618373,-0.869156,-1.293253,0.208838,0.500000,11.300000
1,1,-0.268970,-2.836282,-1.020551,-0.559057,0.500000,11.300000
2,2,0.669953,-2.316413,-0.162341,-1.338679,0.500000,11.300000
3,3,2.845233,-0.461364,0.645679,-1.149528,0.500000,11.300000
4,4,1.238362,2.658571,1.158079,-0.017875,0.500000,11.300000
5,5,-0.213984,2.092521,0.766386,0.938409,0.500000,11.300000
6,6,0.974575,1.466031,0.141820,0.795703,0.500000,11.300000
7,7,-2.997514,1.417146,-0.631705,1.003529,0.500000,11.300000
0,0,-2.747746,-0.848234,-1.293734,0.209223,0.500000,11.400000
1,1,-0.371177,-2.891758,-1.022064,-0.554753,0.500000,11.400000
2,2,0.653791,-2.450610,-0.161622,-1.341976,0.500000,11.400000
3,3,2.909487,-0.576594,0.642545,-1.152299,0.500000,11.400000
4,4,1.353002,2.648517,1.146403,-0.100548,0.500000,11.400000
5,5,-0.162761,2.218702,0.512230,1.261806,0.500000,11.400000
6,6,1.014997,1.519928,0.404222,0.538968,0.500000,11.400000
7,7,-3.060612,1.517514,-0.630979,1.003682,0.500000,11.400000
0,0,-2.877158,-0.827280,-1.294118,0.209537,0.500000,11.500000
1,1,-0.473507,-2.946883,-1.023307,-0.551248,0.500000,11.500000
2,2,0.637688,-2.585072,-0.161026,-1.344616,0.500000,11.500000
3,3,2.973484,-0.692049,0.639973,-1.154552,0.500000,11.500000
4,4,1.466669,2.631748,1.136669,-0.167683,0.500000,11.500000
5,5,-0.098552,2.333353,0.642093,1.146513,0.500000,11.500000
6,6,1.043059,1.590379,0.280623,0.704503,0.500000,11.500000
7,7,-3.123651,1.617895,-0.630387,1.003812,0.500000,11.500000
0,0,-3.006600,-0.806301,-1.294425,0.209793,0.500000,11.600000
1,1,-0.575940,-3.001722,-1.024329,-0.548393,0.500000,11.600000
2,2,0.621635,-2.719745,-0.160531,-1.346730,0.500000,11.600000
3,3,3.037270,-0.807687,0.637860,-1.156385,0.500000,11.600000
4,4,1.579524,2.609527,1.128553,-0.222212,0.500000,11.600000
5,5,-0.023818,2.438549,0.747334,1.051964,0.500000,11.600000
6,6,1.061072,1.674046,0.180122,0.836672,0.500000,11.600000
7,7,-3.186641,1.718287,-0.629903,1.003922,0.500000,11.600000
0,0,-3.136067,-0.785301,-1.294669,0.210002,0.500000,11.700000
1,1,-0.678457,-3.056328,-1.025168,-0.546065,0.500000,11.700000
2,2,0.605623,-2.854587,-0.160120,-1.348423,0.500000,11.700000
3,3,3.100883,-0.923475,0.636123,-1.157875,0.500000,11.700000
4,4,1.691703,2.582876,1.121787,-0.266513,0.500000,11.700000
5,5,0.059445,2.535989,0.832629,0.974396,0.500000,11.700000
6,6,1.070911,1.768265,0.098396,0.942189,0.500000,11.700000
7,7,-3.249592,1.818689,-0.629508,1.004015,0.500000,11.700000
0,0,-3.265554,-0.764284,-1.294865,0.210172,0.500000,11.800000
1,1,-0.781043,-3.110745,-1.025859,-0.544166,0.500000,11.800000
2,2,0.589645,-2.989565,-0.159779,-1.349779,0.500000,11.800000
3,3,3.164352,-1.039384,0.634695,-1.159089,0.500000,11.800000
4,4,1.803318,2.552625,1.116147,-0.302513,0.500000,11.800000
5,5,0.097769,2.692748,0.383247,1.567593,0.500000,11.800000
6,6,1.125956,1.805221,0.550445,0.369560,0.500000,11.800000
7,7,-3.312511,1.919098,-0.629185,1.004094,0.500000,11.800000
0,0,-3.395056,-0.743252,-1.295020,0.210312,0.500000,11.900000
1,1,-0.883686,-3.165007,-1.026427,-0.542618,0.500000,11.900000
2,2,0.573695,-3.124652,-0.159495,-1.350865,0.500000,11.900000
3,3,3.227704,-1.155391,0.633520,-1.160077,0.500000,11.900000
4,4,1.989714,2.588764,1.863959,0.361397,0.500000,11.900000
5,5,0.152237,2.830833,0.544680,1.380850,0.500000,11.900000
6,6,1.102522,1.780199,-0.234334,-0.250216,0.500000,11.900000
7,7,-3.375403,2.019514,-0.628921,1.004160,0.500000,11.900000
0,0,-3.524570,-0.722210,-1.295144,0.210426,0.500000,12.000000
1,1,-0.986375,-3.219142,-1.026894,-0.541354,0.500000,12.000000
2,2,0.557770,-3.259825,-0.159259,-1.351735,0.500000,12.000000
3,3,3.290960,-1.271480,0.632553,-1.160882,0.500000,12.000000
4,4,2.160537,2.608353,1.708239,0.195886,0.500000,12.000000
5,5,0.219814,2.953607,0.675769,1.227739,0.500000,12.000000
6,6,1.078954,1.787424,-0.235687,0.072245,0.500000,12.000000
7,7,-3.438273,2.119936,-0.628705,1.004217,0.500000,12.000000
0,0,-3.654094,-0.701158,-1.295243,0.210519,0.500000,12.100000
1,1,-1.089103,-3.273174,-1.027279,-0.540322,0.500000,12.100000
2,2,0.541863,-3.395068,-0.159063,-1.352432,0.500000,12.100000
3,3,3.354135,-1.387634,0.631756,-1.161539,0.500000,12.100000
4,4,2.318777,2.614412,1.582399,0.060590,0.500000,12.100000
5,5,0.298035,3.063821,0.782207,1.102143,0.500000,12.100000
6,6,1.055371,1.820461,-0.235823,0.330379,0.500000,12.100000
7,7,-3.501126,2.220362,-0.628528,1.004264,0.500000,12.100000
0,0,-3.783627,-0.680098,-1.295322,0.210596,0.500000,12.200000
1,1,-1.191863,-3.327122,-1.027596,-0.539478,0.500000,12.200000
2,2,0.525973,-3.530367,-0.158899,-1.352990,0.500000,12.200000
3,3,3.417245,-1.503841,0.631099,-1.162075,0.500000,12.200000
4,4,2.466841,2.609407,1.480641,-0.050052,0.500000,12.200000
5,5,0.384898,3.163728,0.868631,0.999068,0.500000,12.200000
6,6,1.031855,1.874163,-0.235167,0.537018,0.500000,12.200000
7,7,-3.563964,2.320793,-0.628383,1.004305,0.500000,12.200000
0,0,-3.913165,-0.659032,-1.295385,0.210659,0.500000,12.300000
1,1,-1.294648,-3.381001,-1.027857,-0.538789,0.500000,12.300000
2,2,0.510097,-3.665711,-0.158763,-1.353437,0.500000,12.300000
3,3,3.480301,-1.620092,0.630557,-1.162513,0.500000,12.300000
4,4,2.606672,2.595350,1.398304,-0.140567,0.500000,12.300000
5,5,0.478779,3.255172,0.938809,0.914434,0.500000,12.300000
6,6,1.008452,1.944407,-0.234022,0.702434,0.500000,12.300000
7,7,-3.626791,2.421227,-0.628264,1.004339,0.500000,12.300000
0,0,-4.042709,-0.637961,-1.295435,0.210710,0.500000,12.400000
1,1,-1.397456,-3.434824,-1.028073,-0.538226,0.500000,12.400000
2,2,0.494232,-3.801091,-0.158649,-1.353795,0.500000,12.400000
3,3,3.543312,-1.736379,0.630109,-1.162871,0.500000,12.400000
4,4,2.739836,2.573886,1.331644,-0.214645,0.500000,12.400000
5,5,0.578359,3.339662,0.995802,0.844905,0.500000,12.400000
6,6,0.985193,2.027892,-0.232599,0.834852,0.500000,12.400000
7,7,-3.689607,2.521663,-0.628167,1.004367,0.500000,12.400000
0,0,-4.172256,-0.616886,-1.295474,0.210752,0.500000,12.500000
1,1,-1.500281,-3.488600,-1.028251,-0.537764,0.500000,12.500000
2,2,0.478377,-3.936499,-0.158554,-1.354082,0.500000,12.500000
3,3,3.606286,-1.852696,0.629740,-1.163163,0.500000,12.500000
4,4,2.867601,2.546356,1.277644,-0.275295,0.500000,12.500000
5,5,0.682569,3.418438,1.042099,0.787755,0.500000,12.500000
6,6,0.962088,2.121977,-0.231043,0.940855,0.500000,12.500000
7,7,-3.752416,2.622103,-0.628086,1.004392,0.500000,12.500000
0,0,-4.301807,-0.595808,-1.295506,0.210787,0.500000,12.600000
1,1,-1.603120,-3.542339,-1.028397,-0.537387,0.500000,12.600000
2,2,0.462529,-4.071930,-0.158475,-1.354312,0.500000,12.600000
3,3,3.669229,-1.969036,0.629434,-1.163402,0.500000,12.600000
4,4,2.990988,2.513859,1.233876,-0.324972,0.500000,12.600000
5,5,0.790541,3.492513,1.079716,0.740754,0.500000,12.600000
6,6,0.939143,2.224549,-0.229456,1.025714,0.500000,12.600000
7,7,-3.815218,2.722544,-0.628020,1.004412,0.500000,12.600000
0,0,-4.431360,-0.574726,-1.295531,0.210816,0.500000,12.700000
1,1,-1.705972,-3.596046,-1.028518,-0.537077,0.500000,12.700000
2,2,0.446688,-4.207380,-0.158408,-1.354497,0.500000,12.700000
3,3,3.732147,-2.085396,0.629180,-1.163598,0.500000,12.700000
4,4,3.110826,2.477291,1.198382,-0.365677,0.500000,12.700000
5,5,0.901570,3.562721,1.110291,0.702076,0.500000,12.700000
6,6,0.916353,2.333913,-0.227901,1.093647,0.500000,12.700000
7,7,-3.878015,2.822987,-0.627966,1.004430,0.500000,12.700000
0,0,-4.560915,-0.553642,-1.295552,0.210839,0.500000,12.800000
1,1,-1.808834,-3.649729,-1.028618,-0.536824,0.500000,12.800000
2,2,0.430853,-4.342844,-0.158353,-1.354645,0.500000,12.800000
3,3,3.795044,-2.201772,0.628971,-1.163759,0.500000,12.800000
4,4,3.227785,2.437387,1.169582,-0.399046,0.500000,12.800000
5,5,1.015085,3.629743,1.135151,0.670228,0.500000,12.800000
6,6,0.893710,2.448716,-0.226422,1.148032,0.500000,12.800000
7,7,-3.940807,2.923431,-0.627921,1.004445,0.500000,12.800000
0,0,-4.690472,-0.532556,-1.295568,0.210859,0.500000,12.900000
1,1,-1.911704,-3.703390,-1.028701,-0.536616,0.500000,12.900000
2,2,0.415023,-4.478321,-0.158306,-1.354763,0.500000,12.900000
3,3,3.857924,-2.318161,0.628797,-1.163891,0.500000,12.900000
4,4,3.342405,2.394745,1.146202,-0.426413,0.500000,12.900000
5,5,1.130622,3.694142,1.155373,0.643986,0.500000,12.900000
6,6,0.871206,2.567874,-0.225042,1.191572,0.500000,12.900000
7,7,-4.003595,3.023877,-0.627884,1.004457,0.500000,12.900000
0,0,-4.820030,-0.511469,-1.295580,0.210875,0.500000,13.000000
1,1,-2.014581,-3.757035,-1.028770,-0.536445,0.500000,13.000000
2,2,0.399196,-4.613806,-0.158267,-1.354858,0.500000,13.000000
3,3,3.920789,-2.434561,0.628652,-1.164000,0.500000,13.000000
4,4,3.455126,2.349859,1.127211,-0.448868,0.500000,13.000000
5,5,1.247805,3.756377,1.171830,0.622349,0.500000,13.000000
6,6,0.848829,2.690517,-0.223774,1.226430,0.500000,13.000000
7,7,-4.066381,3.124324,-0.627854,1.004468,0.500000,13.000000
0,0,-4.949589,-0.490380,-1.295590,0.210888,0.500000,13.100000
1,1,-2.117464,-3.810665,-1.028826,-0.536305,0.500000,13.100000
2,2,0.383373,-4.749300,-0.158234,-1.354934,0.500000,13.100000
3,3,3.983642,-2.550970,0.628532,-1.164089,0.500000,13.100000
4,4,3.566303,2.303128,1.111776,-0.467302,0.500000,13.100000
5,5,1.366328,3.816826,1.185231,0.604495,0.500000,13.100000
6,6,0.826567,2.815950,-0.222622,1.254338,0.500000,13.100000
7,7,-4.129163,3.224772,-0.627828,1.004477,0.500000,13.100000
0,0,-5.079149,-0.469290,-1.295598,0.210899,0.500000,13.200000
1,1,-2.220351,-3.864284,-1.028873,-0.536189,0.500000,13.200000
2,2,0.367552,-4.884799,-0.158206,-1.354995,0.500000,13.200000
3,3,4.046485,-2.667386,0.628432,-1.164162,0.500000,13.200000
4,4,3.676226,2.254884,1.099225,-0.482444,0.500000,13.200000
5,5,1.485943,3.875802,1.196149,0.589753,0.500000,13.200000
6,6,0.804408,2.943619,-0.221585,1.276683,0.500000,13.200000
7,7,-4.191944,3.325220,-0.627807,1.004485,0.500000,13.200000
0,0,-5.208709,-0.448199,-1.295605,0.210908,0.500000,13.300000
1,1,-2.323242,-3.917894,-1.028912,-0.536095,0.500000,13.300000
2,2,0.351734,-5.020304,-0.158183,-1.355044,0.500000,13.300000
3,3,4.109320,-2.783808,0.628348,-1.164223,0.500000,13.300000
4,4,3.785127,2.205395,1.089013,-0.494887,0.500000,13.300000
5,5,1.606448,3.933558,1.205050,0.577568,0.500000,13.300000
6,6,0.782342,3.073076,-0.220659,1.294574,0.500000,13.300000
7,7,-4.254723,3.425669,-0.627790,1.004491,0.500000,13.300000
0,0,-5.338270,-0.427107,-1.295610,0.210916,0.500000,13.400000
1,1,-2.426137,-3.971495,-1.028944,-0.536016,0.500000,13.400000
2,2,0.335917,-5.155812,-0.158163,-1.355084,0.500000,13.400000
3,3,4.172148,-2.900236,0.628279,-1.164273,0.500000,13.400000
4,4,3.893197,2.154883,1.080699,-0.505119,0.500000,13.400000
5,5,1.727679,3.990307,1.212311,0.567490,0.500000,13.400000
6,6,0.760358,3.203966,-0.219837,1.308900,0.500000,13.400000
7,7,-4.317501,3.526119,-0.627775,1.004497,0.500000,13.400000
0,0,-5.467831,-0.406015,-1.295614,0.210922,0.500000,13.500000
1,1,-2.529034,-4.025091,-1.028971,-0.535952,0.500000,13.500000
2,2,0.320103,-5.291324,-0.158147,-1.355115,0.500000,13.500000
3,3,4.234970,-3.016667,0.628220,-1.164314,0.500000,13.500000
4,4,4.000590,2.103530,1.073927,-0.513537,0.500000,13.500000
5,5,1.849503,4.046222,1.218240,0.559146,0.500000,13.500000
6,6,0.738447,3.336003,-0.219111,1.320372,0.500000,13.500000
7,7,-4.380277,3.626569,-0.627763,1.004501,0.500000,13.500000
0,0,-5.597393,-0.384922,-1.295617,0.210928,0.500000,13.600000
1,1,-2.631933,-4.078681,-1.028994,-0.535899,0.500000,13.600000
2,2,0.304289,-5.426838,-0.158132,-1.355141,0.500000,13.600000
3,3,4.297787,-3.133102,0.628172,-1.164349,0.500000,13.600000
4,4,4.107431,2.051483,1.068406,-0.520468,0.500000,13.600000
5,5,1.971812,4.101445,1.223084,0.552231,0.500000,13.600000
6,6,0.716600,3.468959,-0.218472,1.329559,0.500000,13.600000
7,7,-4.443052,3.727019,-0.627753,1.004506,0.500000,13.600000
0,0,-5.726955,-0.363829,-1.295619,0.210932,0.500000,13.700000
1,1,-2.734834,-4.132266,-1.029012,-0.535855,0.500000,13.700000
2,2,0.288477,-5.562354,-0.158120,-1.355161,0.500000,13.700000
3,3,4.360600,-3.249540,0.628131,-1.164377,0.500000,13.700000
4,4,4.213821,1.998865,1.063902,-0.526178,0.500000,13.700000
5,5,2.094516,4.156095,1.227046,0.546494,0.500000,13.700000
6,6,0.694809,3.602651,-0.217912,1.336916,0.500000,13.700000
7,7,-4.505827,3.827470,-0.627745,1.004509,0.500000,13.700000
0,0,-5.856517,-0.342736,-1.295621,0.210936,0.500000,13.800000
1,1,-2.837737,-4.185848,-1.029028,-0.535818,0.500000,13.800000
2,2,0.272666,-5.697872,-0.158110,-1.355177,0.500000,13.800000
3,3,4.423410,-3.365980,0.628096,-1.164401,0.500000,13.800000
4,4,4.319843,1.945777,1.060227,-0.530885,0.500000,13.800000
5,5,2.217545,4.210267,1.230289,0.541729,0.500000,13.800000
6,6,0.673067,3.736932,-0.217422,1.342808,0.500000,13.800000
7,7,-4.568600,3.927922,-0.627738,1.004512,0.500000,13.800000
0,0,-5.986079,-0.321642,-1.295623,0.210939,0.500000,13.900000
1,1,-2.940641,-4.239427,-1.029041,-0.535788,0.500000,13.900000
2,2,0.256856,-5.833391,-0.158101,-1.355191,0.500000,13.900000
3,3,4.486217,-3.482422,0.628067,-1.164421,0.500000,13.900000
4,4,4.425566,1.892300,1.057224,-0.534769,0.500000,13.900000
5,5,2.340840,4.264044,1.232947,0.537767,0.500000,13.900000
6,6,0.651367,3.871684,-0.216995,1.347527,0.500000,13.900000
7,7,-4.631374,4.028373,-0.627732,1.004515,0.500000,13.900000
0,0,-6.115642,-0.300547,-1.295624,0.210942,0.500000,14.000000
1,1,-3.043546,-4.293003,-1.029051,-0.535763,0.500000,14.000000
2,2,0.241047,-5.968911,-0.158094,-1.355201,0.500000,14.000000
3,3,4.549021,-3.598865,0.628043,-1.164437,0.500000,14.000000
4,4,4.531043,1.838502,1.054769,-0.537976,0.500000,14.000000
5,5,2.464352,4.317491,1.235127,0.534468,0.500000,14.000000
6,6,0.629705,4.006815,-0.216622,1.351307,0.500000,14.000000
7,7,-4.694146,4.128825,-0.627727,1.004517,0.500000,14.000000
0,0,-6.245204,-0.279453,-1.295625,0.210944,0.500000,14.100000
1,1,-3.146453,-4.346577,-1.029061,-0.535743,0.500000,14.100000
2,2,0.225238,-6.104432,-0.158087,-1.355210,0.500000,14.100000
3,3,4.611823,-3.715311,0.628022,-1.164451,0.500000,14.100000
4,4,4.636319,1.784439,1.052760,-0.540626,0.500000,14.100000
5,5,2.588044,4.370663,1.236918,0.531717,0.500000,14.100000
6,6,0.608075,4.142249,-0.216299,1.354335,0.500000,14.100000
7,7,-4.756918,4.229277,-0.627722,1.004519,0.500000,14.100000
0,0,-6.374767,-0.258358,-1.295626,0.210946,0.500000,14.200000
1,1,-3.249359,-4.400150,-1.029068,-0.535725,0.500000,14.200000
2,2,0.209430,-6.239953,-0.158082,-1.355217,0.500000,14.200000
3,3,4.674623,-3.831757,0.628004,-1.164463,0.500000,14.200000
4,4,4.741430,1.730158,1.051116,-0.542818,0.500000,14.200000
5,5,2.711883,4.423605,1.238391,0.529420,0.500000,14.200000
6,6,0.586473,4.277925,-0.216018,1.356761,0.500000,14.200000
7,7,-4.819690,4.329729,-0.627719,1.004521,0.500000,14.200000
0,0,-6.504329,-0.237264,-1.295626,0.210948,0.500000,14.300000
1,1,-3.352267,-4.453721,-1.029074,-0.535711,0.500000,14.300000
2,2,0.193622,-6.375476,-0.158077,-1.355222,0.500000,14.300000
3,3,4.737422,-3.948204,0.627989,-1.164473,0.500000,14.300000
4,4,4.846407,1.675694,1.049767,-0.544633,0.500000,14.300000
5,5,2.835844,4.476354,1.239605,0.527499,0.500000,14.300000
6,6,0.564896,4.413795,-0.215775,1.358705,0.500000,14.300000
7,7,-4.882462,4.430181,-0.627715,1.004522,0.500000,14.300000
0,0,-6.633892,-0.216169,-1.295627,0.210949,0.500000,14.400000
1,1,-3.455175,-4.507291,-1.029080,-0.535699,0.500000,14.400000
2,2,0.177815,-6.510998,-0.158073,-1.355227,0.500000,14.400000
3,3,4.800220,-4.064652,0.627976,-1.164481,0.500000,14.400000
4,4,4.951273,1.621081,1.048661,-0.546137,0.500000,14.400000
5,5,2.959904,4.528943,1.240606,0.525889,0.500000,14.400000
6,6,0.543340,4.549822,-0.215563,1.360263,0.500000,14.400000
7,7,-4.945233,4.530633,-0.627713,1.004523,0.500000,14.400000
0,0,-6.763455,-0.195074,-1.295627,0.210950,0.500000,14.500000
1,1,-3.558083,-4.560860,-1.029084,-0.535689,0.500000,14.500000
2,2,0.162008,-6.646521,-0.158069,-1.355230,0.500000,14.500000
3,3,4.863016,-4.181101,0.627965,-1.164488,0.500000,14.500000
4,4,5.056048,1.566342,1.047753,-0.547385,0.500000,14.500000
5,5,3.084048,4.581397,1.241433,0.524538,0.500000,14.500000
6,6,0.521801,4.685973,-0.215380,1.361511,0.500000,14.500000
7,7,-5.008004,4.631086,-0.627710,1.004525,0.500000,14.500000
0,0,-6.893018,-0.173979,-1.295627,0.210952,0.500000,14.600000
1,1,-3.660992,-4.614428,-1.029088,-0.535681,0.500000,14.600000
2,2,0.146201,-6.782045,-0.158066,-1.355233,0.500000,14.600000
3,3,4.925812,-4.297550,0.627955,-1.164494,0.500000,14.600000
4,4,5.160749,1.511500,1.047006,-0.548422,0.500000,14.600000
5,5,3.208260,4.633737,1.242119,0.523401,0.500000,14.600000
6,6,0.500279,4.822224,-0.215222,1.362512,0.500000,14.600000
7,7,-5.070775,4.731538,-0.627708,1.004526,0.500000,14.600000
1,1,-3.763901,-4.667995,-1.029091,-0.535673,0.500000,14.700000
2,2,0.130395,-6.917568,-0.158063,-1.355236,0.500000,14.700000
3,3,4.988606,-4.414000,0.627947,-1.164499,0.500000,14.700000
4,4,5.265388,1.456572,1.046391,-0.549284,0.500000,14.700000
5,5,3.332528,4.685981,1.242687,0.522442,0.500000,14.700000
6,6,0.478771,4.958555,-0.215084,1.363314,0.500000,14.700000
1,1,-3.866811,-4.721562,-1.029094,-0.535668,0.500000,14.800000
3,3,5.051400,-4.530451,0.627939,-1.164504,0.500000,14.800000
4,4,5.369976,1.401571,1.045884,-0.550001,0.500000,14.800000
5,5,3.456844,4.738145,1.243160,0.521632,0.500000,14.800000
6,6,0.457274,5.094951,-0.214965,1.363957,0.500000,14.800000
1,1,-3.969720,-4.775128,-1.029096,-0.535663,0.500000,14.900000
3,3,5.114194,-4.646901,0.627933,-1.164508,0.500000,14.900000
4,4,5.474523,1.346511,1.045466,-0.550600,0.500000,14.900000
5,5,3.581200,4.790239,1.243555,0.520945,0.500000,14.900000
6,6,0.435788,5.231398,-0.214862,1.364473,0.500000,14.900000
1,1,-4.072630,-4.828694,-1.029098,-0.535658,0.500000,15.000000
3,3,5.176986,-4.763353,0.627927,-1.164511,0.500000,15.000000
4,4,5.579035,1.291401,1.045120,-0.551100,0.500000,15.000000
5,5,3.705588,4.842275,1.243885,0.520360,0.500000,15.000000
6,6,0.414311,5.367887,-0.214772,1.364886,0.500000,15.000000
1,1,-4.175540,-4.882259,-1.029100,-0.535655,0.500000,15.100000
4,4,5.683518,1.236250,1.044833,-0.551519,0.500000,15.100000
5,5,3.830005,4.894261,1.244162,0.519862,0.500000,15.100000
6,6,0.392842,5.504409,-0.214694,1.365218,0.500000,15.100000
1,1,-4.278450,-4.935825,-1.029102,-0.535652,0.500000,15.200000
4,4,5.787978,1.181063,1.044595,-0.551869,0.500000,15.200000
5,5,3.954444,4.946205,1.244395,0.519434,0.500000,15.200000
6,6,0.371379,5.640957,-0.214626,1.365485,0.500000,15.200000
1,1,-4.381360,-4.989389,-1.029103,-0.535649,0.500000,15.300000
4,4,5.892418,1.125846,1.044398,-0.552164,0.500000,15.300000
5,5,4.078903,4.998111,1.244593,0.519066,0.500000,15.300000
6,6,0.349922,5.777527,-0.214567,1.365699,0.500000,15.300000
1,1,-4.484271,-5.042954,-1.029104,-0.535647,0.500000,15.400000
4,4,5.996841,1.070605,1.044233,-0.552412,0.500000,15.400000
5,5,4.203380,5.049986,1.244761,0.518748,0.500000,15.400000
6,6,0.328471,5.914114,-0.214515,1.365871,0.500000,15.400000
1,1,-4.587181,-5.096519,-1.029105,-0.535645,0.500000,15.500000
4,4,6.101251,1.015343,1.044096,-0.552621,0.500000,15.500000
5,5,4.327870,5.101833,1.244905,0.518470,0.500000,15.500000
6,6,0.307024,6.050715,-0.214469,1.366009,0.500000,15.500000
1,1,-4.690092,-5.150083,-1.029106,-0.535643,0.500000,15.600000
4,4,6.205649,0.960063,1.043981,-0.552798,0.500000,15.600000
5,5,4.452373,5.153656,1.245029,0.518227,0.500000,15.600000
6,6,0.285581,6.187327,-0.214429,1.366120,0.500000,15.600000
4,4,6.310037,0.904768,1.043884,-0.552948,0.500000,15.700000
5,5,4.576887,5.205457,1.245137,0.518012,0.500000,15.700000
6,6,0.264142,6.323948,-0.214394,1.366209,0.500000,15.700000
4,4,6.414417,0.849461,1.043803,-0.553076,0.500000,15.800000
5,5,4.701410,5.257239,1.245232,0.517819,0.500000,15.800000
6,6,0.242705,6.460576,-0.214362,1.366281,0.500000,15.800000
4,4,6.518791,0.794142,1.043734,-0.553185,0.500000,15.900000
6,6,0.221272,6.597210,-0.214334,1.366339,0.500000,15.900000
4,4,6.623158,0.738814,1.043676,-0.553279,0.500000,16.000000
6,6,0.199841,6.733849,-0.214309,1.366386,0.500000,16.000000
4,4,6.727521,0.683478,1.043626,-0.553360,0.500000,16.100000
6,6,0.178413,6.870491,-0.214286,1.366424,0.500000,16.100000
4,4,6.831879,0.628135,1.043583,-0.553430,0.500000,16.200000
6,6,0.156986,7.007136,-0.214264,1.366455,0.500000,16.200000
4,4,6.936234,0.572786,1.043546,-0.553491,0.500000,16.300000
4,4,7.040585,0.517432,1.043514,-0.553545,0.500000,16.400000
